-- MySQL dump 10.13  Distrib 8.0.46, for Win64 (x86_64)
--
-- Host: 127.0.0.1    Database: hrm_port
-- ------------------------------------------------------
-- Server version	5.5.5-10.4.32-MariaDB

/*!40101 SET @OLD_CHARACTER_SET_CLIENT=@@CHARACTER_SET_CLIENT */;
/*!40101 SET @OLD_CHARACTER_SET_RESULTS=@@CHARACTER_SET_RESULTS */;
/*!40101 SET @OLD_COLLATION_CONNECTION=@@COLLATION_CONNECTION */;
/*!50503 SET NAMES utf8 */;
/*!40103 SET @OLD_TIME_ZONE=@@TIME_ZONE */;
/*!40103 SET TIME_ZONE='+00:00' */;
/*!40014 SET @OLD_UNIQUE_CHECKS=@@UNIQUE_CHECKS, UNIQUE_CHECKS=0 */;
/*!40014 SET @OLD_FOREIGN_KEY_CHECKS=@@FOREIGN_KEY_CHECKS, FOREIGN_KEY_CHECKS=0 */;
/*!40101 SET @OLD_SQL_MODE=@@SQL_MODE, SQL_MODE='NO_AUTO_VALUE_ON_ZERO' */;
/*!40111 SET @OLD_SQL_NOTES=@@SQL_NOTES, SQL_NOTES=0 */;

--
-- Table structure for table `danh_muc_phuong_xa`
--

DROP TABLE IF EXISTS `danh_muc_phuong_xa`;
/*!40101 SET @saved_cs_client     = @@character_set_client */;
/*!50503 SET character_set_client = utf8mb4 */;
CREATE TABLE `danh_muc_phuong_xa` (
  `Ma_xa` varchar(10) NOT NULL,
  `Ten_xa` varchar(100) NOT NULL,
  `Ma_tinh` varchar(10) NOT NULL,
  PRIMARY KEY (`Ma_xa`),
  KEY `Ma_tinh` (`Ma_tinh`),
  CONSTRAINT `danh_muc_phuong_xa_ibfk_1` FOREIGN KEY (`Ma_tinh`) REFERENCES `danh_muc_tinh` (`Ma_tinh`)
) ENGINE=InnoDB DEFAULT CHARSET=utf8mb4 COLLATE=utf8mb4_unicode_ci;
/*!40101 SET character_set_client = @saved_cs_client */;

--
-- Dumping data for table `danh_muc_phuong_xa`
--

LOCK TABLES `danh_muc_phuong_xa` WRITE;
/*!40000 ALTER TABLE `danh_muc_phuong_xa` DISABLE KEYS */;
/*!40000 ALTER TABLE `danh_muc_phuong_xa` ENABLE KEYS */;
UNLOCK TABLES;

--
-- Table structure for table `danh_muc_tinh`
--

DROP TABLE IF EXISTS `danh_muc_tinh`;
/*!40101 SET @saved_cs_client     = @@character_set_client */;
/*!50503 SET character_set_client = utf8mb4 */;
CREATE TABLE `danh_muc_tinh` (
  `Ma_tinh` varchar(10) NOT NULL,
  `Ten_tinh` varchar(100) NOT NULL,
  PRIMARY KEY (`Ma_tinh`)
) ENGINE=InnoDB DEFAULT CHARSET=utf8mb4 COLLATE=utf8mb4_unicode_ci;
/*!40101 SET character_set_client = @saved_cs_client */;

--
-- Dumping data for table `danh_muc_tinh`
--

LOCK TABLES `danh_muc_tinh` WRITE;
/*!40000 ALTER TABLE `danh_muc_tinh` DISABLE KEYS */;
INSERT INTO `danh_muc_tinh` VALUES ('01','Hà Nội'),('04','Cao Bằng'),('08','Tuyên Quang'),('11','Điện Biên'),('12','Lai Châu'),('14','Sơn La'),('15','Lào Cai'),('19','Thái Nguyên'),('20','Lạng Sơn'),('22','Quảng Ninh'),('24','Bắc Ninh'),('25','Phú Thọ'),('31','Hải Phòng'),('33','Hưng Yên'),('37','Ninh Bình'),('38','Thanh Hóa'),('40','Nghệ An'),('42','Hà Tĩnh'),('44','Quảng Trị'),('46','Huế'),('48','Đà Nẵng'),('51','Quảng Ngãi'),('52','Gia Lai'),('56','Khánh Hòa'),('66','Đắk Lắk'),('68','Lâm Đồng'),('75','Đồng Nai'),('79','Thành phố Hồ Chí Minh'),('80','Tây Ninh'),('82','Đồng Tháp'),('86','Vĩnh Long'),('91','An Giang'),('92','Cần Thơ'),('96','Cà Mau');
/*!40000 ALTER TABLE `danh_muc_tinh` ENABLE KEYS */;
UNLOCK TABLES;

--
-- Table structure for table `ho_so_nhan_vien`
--

DROP TABLE IF EXISTS `ho_so_nhan_vien`;
/*!40101 SET @saved_cs_client     = @@character_set_client */;
/*!50503 SET character_set_client = utf8mb4 */;
CREATE TABLE `ho_so_nhan_vien` (
  `Id` int(11) NOT NULL AUTO_INCREMENT,
  `Nhan_vien_Id` int(11) NOT NULL,
  `Loai_ho_so` varchar(100) DEFAULT NULL,
  `Ten_file` varchar(255) DEFAULT NULL,
  `Duong_dan_file` varchar(500) DEFAULT NULL,
  `Ngay_upload` date DEFAULT NULL,
  `Ghi_chu` text DEFAULT NULL,
  PRIMARY KEY (`Id`),
  KEY `Nhan_vien_Id` (`Nhan_vien_Id`),
  CONSTRAINT `ho_so_nhan_vien_ibfk_1` FOREIGN KEY (`Nhan_vien_Id`) REFERENCES `nhan_vien` (`Id`)
) ENGINE=InnoDB AUTO_INCREMENT=9 DEFAULT CHARSET=utf8mb4 COLLATE=utf8mb4_unicode_ci;
/*!40101 SET character_set_client = @saved_cs_client */;

--
-- Dumping data for table `ho_so_nhan_vien`
--

LOCK TABLES `ho_so_nhan_vien` WRITE;
/*!40000 ALTER TABLE `ho_so_nhan_vien` DISABLE KEYS */;
INSERT INTO `ho_so_nhan_vien` VALUES (2,136,'HOP_DONG','HDLD_test.pdf','uploads\\136_20260521_160703_HOP_DONG_HDLD_test.pdf','2026-05-21',NULL),(3,136,'HOP_DONG','HDLD_test.pdf','uploads\\136_20260521_160724_HOP_DONG_HDLD_test.pdf','2026-05-21',NULL),(4,136,'HOP_DONG','HDLD_test.pdf','uploads\\136_20260521_160725_HOP_DONG_HDLD_test.pdf','2026-05-21',NULL),(5,136,'HOP_DONG','HDLD_test.pdf','uploads\\136_20260521_160727_HOP_DONG_HDLD_test.pdf','2026-05-21',NULL),(7,136,'BANG_CAP','Ảnh tham chiếu.jpeg','uploads\\136_20260521_162515_BANG_CAP_Ảnh tham chiếu.jpeg','2026-05-21',NULL),(8,145,'SO_YEU_LY_LICH','Trần Ngọc Huy.pdf','uploads\\145_20260523_092346_SO_YEU_LY_LICH_Trần Ngọc Huy.pdf','2026-05-23',NULL);
/*!40000 ALTER TABLE `ho_so_nhan_vien` ENABLE KEYS */;
UNLOCK TABLES;

--
-- Table structure for table `lich_su_cong_tac`
--

DROP TABLE IF EXISTS `lich_su_cong_tac`;
/*!40101 SET @saved_cs_client     = @@character_set_client */;
/*!50503 SET character_set_client = utf8mb4 */;
CREATE TABLE `lich_su_cong_tac` (
  `Id` int(11) NOT NULL AUTO_INCREMENT,
  `Nhan_vien_Id` int(11) NOT NULL,
  `Tu_ngay` date NOT NULL,
  `Den_ngay` date DEFAULT NULL,
  `Chuc_danh` varchar(100) DEFAULT NULL,
  `Phong_ban` varchar(100) DEFAULT NULL,
  `Noi_lam_viec` varchar(200) DEFAULT NULL,
  `Loai_hop_dong` varchar(50) DEFAULT NULL,
  `He_so_luong` decimal(10,2) DEFAULT NULL,
  `Ghi_chu` text DEFAULT NULL,
  PRIMARY KEY (`Id`),
  KEY `idx_lich_su_nhan_vien` (`Nhan_vien_Id`),
  CONSTRAINT `lich_su_cong_tac_ibfk_1` FOREIGN KEY (`Nhan_vien_Id`) REFERENCES `nhan_vien` (`Id`) ON DELETE CASCADE
) ENGINE=InnoDB AUTO_INCREMENT=66 DEFAULT CHARSET=utf8mb4 COLLATE=utf8mb4_unicode_ci;
/*!40101 SET character_set_client = @saved_cs_client */;

--
-- Dumping data for table `lich_su_cong_tac`
--

LOCK TABLES `lich_su_cong_tac` WRITE;
/*!40000 ALTER TABLE `lich_su_cong_tac` DISABLE KEYS */;
INSERT INTO `lich_su_cong_tac` VALUES (1,134,'2026-03-01',NULL,'Tổng Giám đốc','','Cảng THQT Hòn La','Không xác định thời hạn',0.00,NULL),(2,135,'2026-03-01',NULL,'Phó chánh VP','','Cảng THQT Hòn La','Không xác định thời hạn',0.00,NULL),(3,136,'2026-04-18',NULL,'Hành chính','','Cảng THQT Hòn La','Không xác định thời hạn',0.00,NULL),(4,137,'2026-04-18',NULL,'Kế toán','','Cảng THQT Hòn La','Không xác định thời hạn',0.00,NULL),(5,138,'2026-04-18',NULL,'Kế toán','','Cảng THQT Hòn La','Không xác định thời hạn',0.00,NULL),(6,139,'2026-04-18',NULL,'Kinh doanh','','Cảng THQT Hòn La','Không xác định thời hạn',0.00,NULL),(7,140,'2026-04-18',NULL,'Kinh doanh','','Cảng THQT Hòn La','Không xác định thời hạn',0.00,NULL),(8,141,'2026-04-18',NULL,'Tổ trưởng nhân công','','Cảng THQT Hòn La','Không xác định thời hạn',0.00,NULL),(9,143,'2026-04-18',NULL,'Điều độ','','Cảng THQT Hòn La','Không xác định thời hạn',0.00,NULL),(10,144,'2026-04-18',NULL,'Điều độ','','Cảng THQT Hòn La','Thử việc',0.00,NULL),(11,145,'2026-04-18',NULL,'Vận hành băng tải','','Cảng THQT Hòn La','Không xác định thời hạn',0.00,NULL),(12,147,'2026-04-20',NULL,'Lái cẩu Liebherr','','Cảng THQT Hòn La','Không xác định thời hạn',0.00,NULL),(13,148,'2026-04-20','2026-05-19','Lao động phổ thông','','Cảng THQT Hòn La','Không xác định thời hạn',0.00,NULL),(14,150,'2026-04-22',NULL,'Lao động phổ thông','','Cảng THQT Hòn La','Thử việc',0.00,NULL),(15,151,'2026-04-23',NULL,'Lao động phổ thông','','Cảng THQT Hòn La','Thử việc',0.00,NULL),(16,152,'2026-04-25',NULL,'Lái cẩu Liebherr','','Cảng THQT Hòn La','Không xác định thời hạn',0.00,NULL),(17,153,'2026-04-25',NULL,'Lái xúc lật','','Cảng THQT Hòn La','Thử việc',0.00,NULL),(18,154,'2026-04-25',NULL,'Lái cẩu Liebherr','','Cảng THQT Hòn La','Không xác định thời hạn',0.00,NULL),(19,155,'2026-05-02',NULL,'Lao động phổ thông','','Cảng THQT Hòn La','Thử việc',0.00,NULL),(20,156,'2026-05-02',NULL,'Lao động phổ thông','','Cảng THQT Hòn La','Thử việc',0.00,NULL),(21,157,'2026-05-02',NULL,'Lao động phổ thông','','Cảng THQT Hòn La','Thử việc',0.00,NULL),(22,158,'2026-05-02',NULL,'Lao động phổ thông','','Cảng THQT Hòn La','Thử việc',0.00,NULL),(23,159,'2026-05-02',NULL,'Lái cẩu Liebherr','','Cảng THQT Hòn La','Không xác định thời hạn',0.00,NULL),(24,160,'2026-05-02',NULL,'Hành chính','','Cảng THQT Hòn La','Không xác định thời hạn',0.00,NULL),(25,161,'2026-05-02',NULL,'Lái xúc lật','','Cảng THQT Hòn La','Thử việc',0.00,NULL),(26,162,'2026-05-02',NULL,'Điều độ','','Cảng THQT Hòn La','Không xác định thời hạn',0.00,NULL),(27,167,'2026-05-02',NULL,'Quản lý cơ giới','','Cảng THQT Hòn La','Không xác định thời hạn',0.00,NULL),(28,168,'2026-05-02',NULL,'Lái máy đào','','Cảng THQT Hòn La','Không xác định thời hạn',0.00,NULL),(29,169,'2026-05-02',NULL,'Lái máy đào','','Cảng THQT Hòn La','Không xác định thời hạn',0.00,NULL),(30,170,'2026-05-02',NULL,'Lái xúc lật','','Cảng THQT Hòn La','Không xác định thời hạn',0.00,NULL),(31,171,'2026-05-02',NULL,'Lái máy đào','','Cảng THQT Hòn La','Không xác định thời hạn',0.00,NULL),(32,172,'2026-05-02',NULL,'Sửa chữa','','Cảng THQT Hòn La','Không xác định thời hạn',0.00,NULL),(33,173,'2026-05-02',NULL,'Lái máy ủi','','Cảng THQT Hòn La','Không xác định thời hạn',0.00,NULL),(34,174,'2026-05-03',NULL,'Lao động phổ thông','','Cảng THQT Hòn La','Thử việc',0.00,NULL),(35,175,'2026-05-08',NULL,'Lao động phổ thông','','Cảng THQT Hòn La','Thử việc',0.00,NULL),(36,176,'2026-05-11',NULL,'Lái cẩu Liebherr','','Cảng THQT Hòn La','Không xác định thời hạn',0.00,NULL),(37,177,'2026-05-10',NULL,'Lao động phổ thông','','Cảng THQT Hòn La','Thử việc',0.00,NULL),(38,178,'2026-05-10',NULL,'Lao động phổ thông','','Cảng THQT Hòn La','Thử việc',0.00,NULL),(39,180,'2026-05-10',NULL,'Lao động phổ thông',NULL,'Cảng THQT Hòn La','Thử việc',0.00,NULL),(40,182,'2026-04-18',NULL,'Tạp vụ','','Cảng THQT Hòn La','Không xác định thời hạn',0.00,NULL),(64,181,'2026-04-20',NULL,'Lái cẩu Liebherr','','Cảng THQT Hòn La','Thử việc',0.00,NULL),(65,148,'2026-05-20',NULL,'Lao động phổ thông','','Cảng THQT Hòn La','Không xác định thời hạn',0.00,NULL);
/*!40000 ALTER TABLE `lich_su_cong_tac` ENABLE KEYS */;
UNLOCK TABLES;

--
-- Table structure for table `nhan_vien`
--

DROP TABLE IF EXISTS `nhan_vien`;
/*!40101 SET @saved_cs_client     = @@character_set_client */;
/*!50503 SET character_set_client = utf8mb4 */;
CREATE TABLE `nhan_vien` (
  `Id` int(11) NOT NULL AUTO_INCREMENT,
  `STT` int(11) DEFAULT NULL,
  `Ma_NV` varchar(50) NOT NULL,
  `So_HDLD` varchar(50) DEFAULT NULL,
  `Ho_ten` varchar(255) NOT NULL,
  `Chuc_danh_nghe` varchar(255) DEFAULT NULL,
  `Vi_tri_Id` int(11) DEFAULT NULL,
  `Ngay_sinh` date DEFAULT NULL,
  `Gioi_tinh` varchar(10) DEFAULT NULL,
  `Tinh_trang_hon_nhan` varchar(20) DEFAULT NULL,
  `So_CCCD` varchar(20) DEFAULT NULL,
  `Ngay_cap_CCCD` date DEFAULT NULL,
  `Noi_cap_CCCD` varchar(255) DEFAULT NULL,
  `Nguyen_quan` varchar(500) DEFAULT NULL,
  `Thuong_tru` varchar(500) DEFAULT NULL,
  `Dien_thoai` varchar(20) DEFAULT NULL,
  `Email` varchar(255) DEFAULT NULL,
  `Ho_so` varchar(10) DEFAULT NULL,
  `Luong_bao_hiem` varchar(100) DEFAULT NULL,
  `Ma_so_BHXH` varchar(50) DEFAULT NULL,
  `Ngay_vao_lam` date DEFAULT NULL,
  `Noi_lam_viec` varchar(255) DEFAULT NULL,
  `So_tai_khoan_NH` varchar(50) DEFAULT NULL,
  `Chi_nhanh_NH` varchar(255) DEFAULT NULL,
  `Ngay_ky_HD` date DEFAULT NULL,
  `Thoi_han_HD` varchar(255) DEFAULT NULL,
  `Loai_hop_dong` varchar(50) DEFAULT NULL,
  `Nhom_BHXH` varchar(50) DEFAULT NULL,
  `Thang_bat_dau_BH` date DEFAULT NULL,
  `Thang_ket_thuc_BH` date DEFAULT NULL,
  `Ghi_chu` text DEFAULT NULL,
  `Trang_thai` varchar(30) DEFAULT 'DANG_LAM',
  `Trang_thai_BHXH` varchar(30) DEFAULT 'DANG_DONG',
  `Phong_ban_lam_viec` varchar(255) DEFAULT NULL,
  `Ngay_ket_thuc` date DEFAULT NULL,
  `Ly_do_nghi` varchar(500) DEFAULT NULL COMMENT 'Lý do nghỉ việc',
  `Quoc_tich` varchar(50) DEFAULT 'Việt Nam',
  `Dan_toc` varchar(50) DEFAULT 'Kinh',
  `Email_lien_he` varchar(255) DEFAULT NULL,
  `He_so_luong` decimal(4,2) DEFAULT NULL,
  `Phu_cap_chuc_vu` decimal(4,2) DEFAULT NULL,
  `Phu_cap_TNVK` decimal(5,2) DEFAULT NULL,
  `Phu_cap_TNN` decimal(5,2) DEFAULT NULL,
  `Muc_huong_BHYT` varchar(10) DEFAULT '80%',
  `Ty_le_dong` decimal(5,2) DEFAULT NULL,
  `Muc_tien_dong` decimal(15,2) DEFAULT NULL,
  `Phuong_thuc_dong` varchar(50) DEFAULT 'Hàng tháng',
  `Tinh_nhan_HS` varchar(255) DEFAULT NULL,
  `Phuong_nhan_HS` varchar(255) DEFAULT NULL,
  `Dia_chi_nhan_HS` text DEFAULT NULL,
  `Tinh_KCB` varchar(255) DEFAULT NULL,
  `Noi_dang_ky_KCB` varchar(255) DEFAULT NULL,
  `Dang_ky_nhan_so` varchar(10) DEFAULT 'Có',
  `Ho_ten_chu_ho` varchar(100) DEFAULT NULL,
  `So_CCCD_chu_ho` varchar(20) DEFAULT NULL,
  `Tinh_thanh_pho_chu_ho` varchar(100) DEFAULT NULL,
  `Phuong_xa_chu_ho` varchar(100) DEFAULT NULL,
  `Tinh_thanh_pho_thuong_tru` varchar(100) DEFAULT NULL,
  `Ma_tinh_thuong_tru` varchar(10) DEFAULT NULL,
  `Phuong_xa_thuong_tru` varchar(100) DEFAULT NULL,
  `Ma_phuong_xa_thuong_tru` varchar(10) DEFAULT NULL,
  `Ngay_chinh_thuc` date DEFAULT NULL COMMENT 'Ngày chính thức (hết thử việc)',
  `Quyet_dinh_hien_tai_Id` int(11) DEFAULT NULL COMMENT 'ID quyết định hiện tại',
  `Da_truy_nguon_bhxh` tinyint(1) DEFAULT 0,
  PRIMARY KEY (`Id`),
  KEY `Vi_tri_Id` (`Vi_tri_Id`),
  CONSTRAINT `nhan_vien_ibfk_1` FOREIGN KEY (`Vi_tri_Id`) REFERENCES `vi_tri_cong_tac` (`Id`)
) ENGINE=InnoDB AUTO_INCREMENT=183 DEFAULT CHARSET=utf8mb4 COLLATE=utf8mb4_unicode_ci;
/*!40101 SET character_set_client = @saved_cs_client */;

--
-- Dumping data for table `nhan_vien`
--

LOCK TABLES `nhan_vien` WRITE;
/*!40000 ALTER TABLE `nhan_vien` DISABLE KEYS */;
INSERT INTO `nhan_vien` VALUES (134,1,'NV001','01/2026/HĐLĐ-CHL','Nguyễn Đình Thi','Tổng Giám đốc',NULL,'1968-05-03','Nam',NULL,'040068000369','2021-11-22','Cục QLHC về TTXH - Bộ Công an','','','0966369828','','','','0106055068','2026-03-01','Cảng THQT Hòn La','','','2026-03-01',NULL,'Không xác định thời hạn','Văn phòng',NULL,NULL,NULL,'DANG_LAM','DANG_DONG','',NULL,NULL,'Việt Nam','Kinh','',0.00,0.00,0.00,0.00,'100%',0.00,0.00,'Hàng tháng','Hà Nội','','','Hà Nội','','Có',NULL,NULL,NULL,NULL,NULL,NULL,NULL,NULL,NULL,NULL,0),(135,2,'NV002','02/2026/HĐLĐ-CHL','Lưu Quang Tuấn','Phó chánh VP',NULL,'1983-01-09','Nam',NULL,'044083001794','2022-08-25','Cục cảnh sát QLHC về TTXH','Xã Bắc Trạch, Tỉnh Quảng Trị','Thôn 7, Xã Bắc Trạch, Tỉnh Quảng Trị','0919250212','','','','0109115428','2026-03-01','Cảng THQT Hòn La','0311000676628','Vietcombank','2026-03-01',NULL,'Không xác định thời hạn','Văn phòng',NULL,NULL,NULL,'DANG_LAM','DANG_DONG','',NULL,NULL,'Việt Nam','Kinh','',0.00,0.00,0.00,0.00,'100%',0.00,0.00,'Hàng tháng','Tỉnh Quảng Trị','Xã Bắc Trạch','Thôn 7, Xã Bắc Trạch, Tỉnh Quảng Trị','Tỉnh Quảng Trị','','Có',NULL,NULL,NULL,NULL,NULL,NULL,NULL,NULL,NULL,NULL,0),(136,3,'NV003','03/2026/HĐLĐ-CHL','Lê Thị Vân Anh','Hành chính',NULL,'2003-03-21','Nữ',NULL,'044303003002','2025-12-05','Cục QLHC về TTXH - Bộ Công an','Xã Trung Chính, Tỉnh Thanh Hoá','Tổ dân phố 7 Hải Thành, Phường Đồng Hới, Tỉnh Quảng Trị','0965951621','','','','','2026-04-18','Cảng THQT Hòn La','0965951621','MB chi nhánh Quảng Bình','2026-04-18',NULL,'Không xác định thời hạn','Văn phòng','2026-04-18',NULL,NULL,'DANG_LAM','DANG_DONG','',NULL,NULL,'Việt Nam','Kinh','',0.00,0.00,0.00,0.00,'100%',0.00,0.00,'Hàng tháng','Tỉnh Quảng Trị',' Phường Đồng Hới','Tổ dân phố 7 Hải Thành, Phường Đồng Hới, Tỉnh Quảng Trị','Tỉnh Quảng Trị','Trung tâm Y tế Quảng Trạch','Có',NULL,NULL,NULL,NULL,NULL,NULL,NULL,NULL,NULL,NULL,0),(137,4,'NV004','04/2026/HĐLĐ-CHL','Nguyễn Thị Thu Hường','Kế toán',NULL,'2001-03-19','Nữ',NULL,'044301010319','2026-03-03','Cục QLHC về TTXH - Bộ Công an','Xã Phú Trạch, Tỉnh Quảng Trị','Thôn Vịnh Sơn, Xã Phú Trạch, Tỉnh Quảng Trị','0799182413','','','','4420317118','2026-04-18','Cảng THQT Hòn La','5320778739','BIDV chi nhánh Bắc Quảng Bình','2026-04-18',NULL,'Không xác định thời hạn','Văn phòng','2026-04-18',NULL,NULL,'DANG_LAM','DANG_DONG','',NULL,NULL,'Việt Nam','Kinh','',0.00,0.00,0.00,0.00,'100%',0.00,0.00,'Hàng tháng','Tỉnh Quảng Trị','Xã Phú Trạch','Thôn Vinh Sơn, Xã Phú Trạch, Tỉnh Quảng Trị\n','Tỉnh Quảng Trị','Trung tâm Y tế Quảng Trạch ','Có',NULL,NULL,NULL,NULL,NULL,NULL,NULL,NULL,NULL,NULL,0),(138,5,'NV005','05/2026/HĐLĐ-CHL','Từ Nữ Kiều Trinh','Kế toán',NULL,'1998-02-18','Nữ',NULL,'044198001901','2022-03-20','Cục QLHC về TTXH - Bộ Công an','Xã Phú Trạch, Tỉnh Quảng Trị','Thôn 2, Xã Phú Trạch, Tỉnh Quảng Trị','0961544089','','','','4420315391','2026-04-18','Cảng THQT Hòn La','0961544089','MBBank chi nhánh Đà Nẵng','2026-04-18',NULL,'Không xác định thời hạn','Văn phòng','2026-04-18',NULL,NULL,'DANG_LAM','DANG_DONG','',NULL,NULL,'Việt Nam','Kinh','',0.00,0.00,0.00,0.00,'100%',0.00,0.00,'Hàng tháng','Tỉnh Quảng Trị','Xã Phú Trạch','Thôn 2, Xã Phú Trạch, Tỉnh Quảng Trị\n','Tỉnh Quảng Trị','Trung tâm Y tế Quảng Trạch ','Có',NULL,NULL,NULL,NULL,NULL,NULL,NULL,NULL,NULL,NULL,0),(139,6,'NV006','06/2026/HĐLĐ-CHL','Lưu Thị Nghĩa','Kinh doanh',NULL,'1999-07-18','Nữ',NULL,'044199009550','2024-08-20','Cục QLHC về TTXH - Bộ Công an','Xã Bắc Trạch, Tỉnh Quảng Trị','Thôn 9, Xã Bắc Trạch, Tỉnh Quảng Trị','0829423293','','','','4420480949','2026-04-18','Cảng THQT Hòn La','1036754674','Vietcombank chi nhánh Đà Nẵng','2026-04-18',NULL,'Không xác định thời hạn','Văn phòng','2026-04-18',NULL,NULL,'DANG_LAM','DANG_DONG','',NULL,NULL,'Việt Nam','Kinh','',0.00,0.00,0.00,0.00,'100%',0.00,0.00,'Hàng tháng','Tỉnh Quảng Trị','Xã Bắc Trạch','Thôn 9, Xã Bắc Trạch, Tỉnh Quảng Trị\n','Tỉnh Quảng Trị','Trung tâm Y tế Quảng Trạch ','Có',NULL,NULL,NULL,NULL,NULL,NULL,NULL,NULL,NULL,NULL,0),(140,7,'NV007','07/2026/HĐLĐ-CHL','Nguyễn Vũ Duy','Kinh doanh',NULL,'2003-06-23','Nam',NULL,'044203000832','2021-06-12','Cục QLHC về TTXH - Bộ Công an','Xã Nam Gianh, Tỉnh Quảng Trị','Tổ 1, Khu phố 2, Phường Ba Đồn, Tỉnh Quảng Trị','0916118042','','','','4420810613','2026-04-18','Cảng THQT Hòn La','9916118042','Vietcombank chi nhánh Hà Nội','2026-04-18',NULL,'Không xác định thời hạn','Văn phòng','2026-04-18',NULL,NULL,'DANG_LAM','DANG_DONG','',NULL,NULL,'Việt Nam','Kinh','',0.00,0.00,0.00,0.00,'100%',0.00,0.00,'Hàng tháng','Tỉnh Quảng Trị','Phường Ba Đồn','Tổ 1, Khu phố 2, Phường Ba Đồn, Tỉnh Quảng Trị\n\n','Tỉnh Quảng Trị','Trung tâm Y tế Quảng Trạch ','Có',NULL,NULL,NULL,NULL,NULL,NULL,NULL,NULL,NULL,NULL,0),(141,8,'NV008','08/2026/HĐLĐ-CHL','Lưu Đức Tình','Tổ trưởng nhân công',NULL,'1997-02-14','Nam',NULL,'044097006173','2021-08-14','Cục QLHC về TTXH - Bộ Công an','Xã Bắc Trạch, Tỉnh Quảng Trị','Thôn 9 Hạ Trạch, Xã Bắc Trạch, Tỉnh Quảng Trị','0372346667','','','','4421032634','2026-04-18','Cảng THQT Hòn La','5321192989','BIDV PGD Thanh Hà','2026-04-18',NULL,'Không xác định thời hạn','Lao động trực tiếp','2026-04-18',NULL,NULL,'DANG_LAM','DANG_DONG','',NULL,NULL,'Việt Nam','Kinh','',0.00,0.00,0.00,0.00,'100%',0.00,0.00,'Hàng tháng','Tỉnh Quảng Trị','Xã Bắc Trạch','Thôn 9 Hạ Trạch, Xã Bắc Trạch, Tỉnh Quảng Trị','Tỉnh Quảng Trị','Trung tâm Y tế Quảng Trạch ','Có',NULL,NULL,NULL,NULL,NULL,NULL,NULL,NULL,NULL,NULL,0),(143,10,'NV010','09/2026/HĐLĐ-CHL','Phan Văn Quyết','Điều độ',NULL,'1990-08-17','Nam',NULL,'044090011075','2021-08-14','Cục QLHC về TTXH - Bộ Công an','Xã Đông Trạch, Tỉnh Quảng Trị','Thôn Sơn Lý, Xã Đông Trạch, Tỉnh Quảng Trị','0396882124','','','','7911532361','2026-04-18','Cảng THQT Hòn La','5310481687','BIDV chi nhánh Nguyễn Trãi - Huế','2026-04-18',NULL,'Không xác định thời hạn','Lao động trực tiếp','2026-04-18',NULL,NULL,'DANG_LAM','DANG_DONG','',NULL,NULL,'Việt Nam','Kinh','',0.00,0.00,0.00,0.00,'100%',0.00,0.00,'Hàng tháng','Tỉnh Quảng Trị','Xã Đông Trạch','Thôn Sơn Lý, Xã Đông Trạch, Tỉnh Quảng Trị\n','Tỉnh Quảng Trị','Trung tâm Y tế Quảng Trạch','Có',NULL,NULL,NULL,NULL,NULL,NULL,NULL,NULL,NULL,NULL,0),(144,9,'NV009','01/2026/HĐTV-CHL','Nguyễn Việt Phương','Điều độ',NULL,'1991-03-25','Nam',NULL,'044091000766','2022-09-25','Cục QLHC về TTXH - Bộ Công an','Xã Nam Ba Đồn, Tỉnh Quảng Trị','Khu Phố 5, Phường Ba Đồn, Tỉnh Quảng Trị','0862251616','','','','7936270135','2026-04-18','Cảng THQT Hòn La','2810101972002','MB chi nhánh Tân Thuận','2026-04-18',NULL,'Thử việc','Lao động trực tiếp',NULL,NULL,NULL,'THU_VIEC','CHUA_DONG','',NULL,NULL,'Việt Nam','Kinh','',0.00,0.00,0.00,0.00,'100%',0.00,0.00,'Hàng tháng','Tỉnh Quảng Trị','Phường Ba Đồn','Khu Phố 5, Phường Ba Đồn, Tỉnh Quảng Trị\n','Tỉnh Quảng Trị','Trung tâm Y tế Quảng Trạch','Có',NULL,NULL,NULL,NULL,NULL,NULL,NULL,NULL,NULL,NULL,0),(145,11,'NV011','10/2026/HĐLĐ-CHL','Trần Ngọc Huy','Vận hành băng tải',NULL,'1999-07-01','Nam',NULL,'044099001284','2024-01-29','Cục QLHC về TTXH - Bộ Công an','Xã Hoà Trạch, Tỉnh Quảng Trị','Thôn Đông Cảng, Xã Hoà Trạch, Tỉnh Quảng Trị','0963593585','','','','4420315038','2026-04-18','Cảng THQT Hòn La','5321290290','BIDV chi nhánh Bắc Quảng Bình','2026-04-18',NULL,'Không xác định thời hạn','Lao động trực tiếp','2026-04-18',NULL,NULL,'DANG_LAM','DANG_DONG','',NULL,NULL,'Việt Nam','Kinh','',0.00,0.00,0.00,0.00,'100%',0.00,0.00,'Hàng tháng','Tỉnh Quảng Trị',' Xã Hoà Trạch','Thôn Đông Cảng, Xã Hoà Trạch, Tỉnh Quảng Trị','Tỉnh Quảng Trị','Trung tâm Y tế Quảng Trạch','Có',NULL,NULL,NULL,NULL,NULL,NULL,NULL,NULL,NULL,NULL,0),(147,13,'NV013','11/2026/HĐLĐ-CHL','Đặng Yến Quang','Lái cẩu Liebherr',NULL,'1986-10-08','Nam',NULL,'044086004193','2021-08-16','Cục QLHC về TTXH - Bộ Công An','Xã Phú Trạch, Tỉnh Quảng Trị','Thôn Thọ Sơn, Xã Phú Trạch, Tỉnh Quảng Trị','0823509379','','','','4420281563','2026-04-20','Cảng THQT Hòn La','9823509379','Vietcombank chi nhánh Ròon Bắc Quảng Trị','2026-04-20',NULL,'Không xác định thời hạn','Lao động trực tiếp','2026-04-20',NULL,NULL,'DANG_LAM','DANG_DONG','',NULL,NULL,'Việt Nam','Kinh','',0.00,0.00,0.00,0.00,'100%',0.00,0.00,'Hàng tháng','Tỉnh Quảng Trị','Xã Phú Trạch','Thôn Thọ Sơn, Xã Phú Trạch, Tỉnh Quảng Trị','Tỉnh Quảng Trị','Trung tâm Y tế Quảng Trạch','Có',NULL,NULL,NULL,NULL,NULL,NULL,NULL,NULL,NULL,NULL,0),(148,14,'NV014','26/2026/HĐLĐ-CHL','Nguyễn Văn Tòng','Lao động phổ thông',NULL,'1989-01-10','Nam',NULL,'044089007259','2022-03-07','Cục QLHC về TTXH - Bộ Công An','Xã Phú Trạch, Tỉnh Quảng Trị','1077/33, đường Tỉnh Lộ 43, khu phố 14, Phường Tam Bình, Thành phố Hồ Chí Minh','0973877324','','Chưa có','','7913260581','2026-04-20','Cảng THQT Hòn La','1038852334','VCB chi nhánh Tân Bình Dương','2026-05-20',NULL,'Không xác định thời hạn','Lao động trực tiếp','2026-05-20',NULL,NULL,'DANG_LAM','DANG_DONG','',NULL,NULL,'Việt Nam','Kinh','',0.00,0.00,0.00,0.00,'100%',0.00,0.00,'Hàng tháng','Thành phố Hồ Chí Minh','Phường Tam Bình','1077/33, đường Tỉnh Lộ 43, khu phố 14, Phường Tam Bình, Thành phố Hồ Chí Minh',' Tỉnh Quảng Trị','Trung tâm Y tế Quảng Trạch','Có',NULL,NULL,NULL,NULL,NULL,NULL,NULL,NULL,'2026-05-20',NULL,0),(150,16,'NV016','04/2026/HĐTV-CHL','Cao Xuân Diện','Lao động phổ thông',NULL,'1976-10-10','Nam',NULL,'044076008478','2022-10-11','Cục QLHC về TTXH - Bộ Công An','Xã Hòa Trạch, Tỉnh Quảng Trị','Chòm 2 Thôn Hòa Lạc, Xã Hòa Trạch, Tỉnh Quảng Trị','0367668178','','','','4420351547','2026-04-22','Cảng THQT Hòn La','9367668178','VCB chi nhánh Bắc Quảng Bình','2026-04-22',NULL,'Thử việc','Lao động trực tiếp',NULL,NULL,NULL,'THU_VIEC','CHUA_DONG','','2026-05-21',NULL,'Việt Nam','Kinh','',0.00,0.00,0.00,0.00,'100%',0.00,0.00,'Hàng tháng','Tỉnh Quảng Trị','Xã Hòa Trạch','Chòm 2 Thôn Hòa Lạc, Xã Hòa Trạch, Tỉnh Quảng Trị\n','Tỉnh Quảng Trị','Trung tâm Y tế Quảng Trạch','Có',NULL,NULL,NULL,NULL,NULL,NULL,NULL,NULL,NULL,NULL,0),(151,17,'NV017','05/2026/HĐTV-CHL','Đàm Quốc Tịnh','Lao động phổ thông',NULL,'1988-07-30','Nam',NULL,'044088005280','2021-04-27','Cục QLHC về TTXH - Bộ Công An','Xã Hòa Trạch, Tỉnh Quảng Trị','Thôn Đất Đỏ, Xã Hòa Trạch, Tỉnh Quảng Trị','0819875168','','','','4420349946','2026-04-23','Cảng THQT Hòn La','9819875168','Vietcombank','2026-04-23',NULL,'Thử việc','Lao động trực tiếp',NULL,NULL,NULL,'THU_VIEC','CHUA_DONG','','2026-05-22',NULL,'Việt Nam','Kinh','',0.00,0.00,0.00,0.00,'100%',0.00,0.00,'Hàng tháng','Tỉnh Quảng Trị','Xã Hòa Trạch','Thôn Đất Đỏ, Xã Hòa Trạch, Tỉnh Quảng Trị\n','Tỉnh Quảng Trị','Trung tâm Y tế Quảng Trạch','Có',NULL,NULL,NULL,NULL,NULL,NULL,NULL,NULL,NULL,NULL,0),(152,18,'NV018','13/2026/HĐLĐ-CHL','Nguyễn Văn Đại','Lái cẩu Liebherr',NULL,'1999-08-19','Nam',NULL,'044099003854','2024-09-03','Cục QLHC về TTXH - Bộ Công An','Xã Nam Gianh, Tỉnh Quảng Trị','Thôn Vĩnh Lộc, Xã Nam Gianh, Tỉnh Quảng Trị','0939190899','','','','4420866047','2026-04-25','Cảng THQT Hòn La','1022055161','Vietcombank PGD Thuận An','2026-04-25',NULL,'Không xác định thời hạn','Lao động trực tiếp','2026-04-25',NULL,NULL,'DANG_LAM','DANG_DONG','',NULL,NULL,'Việt Nam','Kinh','',0.00,0.00,0.00,0.00,'100%',0.00,0.00,'Hàng tháng','Tỉnh Quảng Trị','Xã Nam Gianh','Thôn Vĩnh Lộc, Xã Nam Gianh, Tỉnh Quảng Trị','Tỉnh Quảng Trị','Trung tâm Y tế Quảng Trạch','Có',NULL,NULL,NULL,NULL,NULL,NULL,NULL,NULL,NULL,NULL,0),(153,19,'NV019','06/2026/HĐTV-CHL','Lê Thanh Hoàn','Lái xúc lật',NULL,'1982-07-25','Nam',NULL,'042082003923','2021-04-22','Cục QLHC về TTXH - Bộ Công An','Xã Đức Thịnh, Tỉnh Hà Tĩnh','Thôn Long Hòa, Xã Đức Thịnh, Tỉnh Hà Tĩnh','0909177481','','','','','2026-04-25','Cảng THQT Hòn La','0641000021843','Vietcombank chi nhánh Bắc Hà Tĩnh','2026-04-25',NULL,'Thử việc','Lao động trực tiếp',NULL,NULL,NULL,'THU_VIEC','CHUA_DONG','',NULL,NULL,'Việt Nam','Kinh','',0.00,0.00,0.00,0.00,'100%',0.00,0.00,'Hàng tháng','Tỉnh Hà Tĩnh','Xã Đức Thịnh','Thôn Long Hòa, Xã Đức Thịnh, Tỉnh Hà Tĩnh\n','Tỉnh Quảng Trị','Trung tâm Y tế Quảng Trạch','Có',NULL,NULL,NULL,NULL,NULL,NULL,NULL,NULL,NULL,NULL,0),(154,20,'NV020','14/2026/HĐLĐ-CHL','Nguyễn Trường Minh','Lái cẩu Liebherr',NULL,'1978-12-06','Nam',NULL,'044078000841','2022-03-14','Cục QLHC về TTXH - Bộ Công An','Xã Tân Gianh, Tỉnh Quảng Trị','Thôn Ngọa Cương, Xã Tân Gianh, Tỉnh Quảng Trị',' 0988599499','','','','7911443314','2026-04-25','Cảng THQT Hòn La','1046662103','Vietcombank PGD Ba Đồn','2026-04-25',NULL,'Không xác định thời hạn','Lao động trực tiếp','2026-04-25',NULL,NULL,'DANG_LAM','DANG_DONG','',NULL,NULL,'Việt Nam','Kinh','',0.00,0.00,0.00,0.00,'100%',0.00,0.00,'Hàng tháng','Tỉnh Quảng Trị','Xã Tân Gianh','Thôn Ngọa Cương, Xã Tân Gianh, Tỉnh Quảng Trị','Tỉnh Quảng Trị','Trung tâm Y tế Quảng Trạch ','Có',NULL,NULL,NULL,NULL,NULL,NULL,NULL,NULL,NULL,NULL,0),(155,21,'NV021','07/2026/HĐTV-CHL','Phạm Ngọc Minh','Lao động phổ thông',NULL,'1998-05-11','Nam',NULL,'044098000444','2023-06-02','Cục QLHC về TTXH - Bộ Công An','Xã Hoà Trạch, Tỉnh Quảng Trị','Thôn Cảnh Thượng, Xã Hoà Trạch, Tỉnh Quảng Trị','0339037086','','','','4420340138','2026-05-02','Cảng THQT Hòn La','1028292838','VCB chi nhánh Tp Hồ Chí Minh','2026-05-02',NULL,'Thử việc','Lao động trực tiếp',NULL,NULL,NULL,'THU_VIEC','CHUA_DONG','','2026-06-01',NULL,'Việt Nam','Kinh','',0.00,0.00,0.00,0.00,'100%',0.00,0.00,'Hàng tháng','Tỉnh Quảng Trị','Xã Hoà Trạch','Thôn Cảnh Thượng, Xã Hoà Trạch, Tỉnh Quảng Trị\n','Tỉnh Quảng Trị','Trung tâm Y tế Quảng Trạch ','Có',NULL,NULL,NULL,NULL,NULL,NULL,NULL,NULL,NULL,NULL,0),(156,22,'NV022','08/2026/HĐTV-CHL','Dương Thanh Tuấn','Lao động phổ thông',NULL,'1998-10-20','Nam',NULL,'044098000282','2024-07-30','Cục QLHC về TTXH - Bộ Công An','Xã Hoà Trạch, Tỉnh Quảng Trị','Thôn Cảnh Thượng, Xã Hoà Trạch, Tỉnh Quảng Trị','0912376975','','','','4420359773','2026-05-02','Cảng THQT Hòn La','2507201098','VP Bank chi nhánh Ba Đồn','2026-05-02',NULL,'Thử việc','Lao động trực tiếp',NULL,NULL,NULL,'THU_VIEC','CHUA_DONG','','2026-06-01',NULL,'Việt Nam','Kinh','',0.00,0.00,0.00,0.00,'100%',0.00,0.00,'Hàng tháng','Tỉnh Quảng Trị','Xã Hoà Trạch','Thôn Cảnh Thượng, Xã Hoà Trạch, Tỉnh Quảng Trị\n','Tỉnh Quảng Trị','Trung tâm Y tế Quảng Trạch ','Có',NULL,NULL,NULL,NULL,NULL,NULL,NULL,NULL,NULL,NULL,0),(157,23,'NV023','09/2026/HĐTV-CHL','Nguyễn Huy Hoàng ','Lao động phổ thông',NULL,'1999-05-12','Nam',NULL,'044099000624','2024-06-15','Cục QLHC về TTXH - Bộ Công An','Xã Hoà Trạch, Tỉnh Quảng Trị','Thôn Đông Cảng, Xã Hoà Trạch, Tỉnh Quảng Trị','0389607911','','','','','2026-05-02','Cảng THQT Hòn La','95912051999','Tp Bank','2026-05-02',NULL,'Thử việc','Lao động trực tiếp',NULL,NULL,NULL,'THU_VIEC','CHUA_DONG','','2026-06-01',NULL,'Việt Nam','Kinh','',0.00,0.00,0.00,0.00,'100%',0.00,0.00,'Hàng tháng','Tỉnh Quảng Trị','Xã Hoà Trạch','Thôn Đông Cảng, Xã Hoà Trạch, Tỉnh Quảng Trị\n','Tỉnh Quảng Trị','Trung tâm Y tế Quảng Trạch','Có',NULL,NULL,NULL,NULL,NULL,NULL,NULL,NULL,NULL,NULL,0),(158,24,'NV024','10/2026/HĐTV-CHL','Lê Văn Tiến','Lao động phổ thông',NULL,'1978-09-20','Nam',NULL,'044078001162','2021-08-13','Cục QLHC về TTXH - Bộ Công An','Xã Phú Trạch, Tỉnh Quảng Trị','Thôn Vĩnh Sơn, Xã Phú Trạch, Tỉnh Quảng Trị','0898238567','','','','4415004577','2026-05-02','Cảng THQT Hòn La','8871477485','BIDV chi nhánh Bắc Quảng Trị','2026-05-02',NULL,'Thử việc','Lao động trực tiếp',NULL,NULL,NULL,'THU_VIEC','CHUA_DONG','','2026-06-01',NULL,'Việt Nam','Kinh','',0.00,0.00,0.00,0.00,'100%',0.00,0.00,'Hàng tháng','Tỉnh Quảng Trị','Xã Phú Trạch','Thôn Vĩnh Sơn, Xã Phú Trạch, Tỉnh Quảng Trị\n','Tỉnh Quảng Trị','Trung tâm Y tế Quảng Trạch ','Có',NULL,NULL,NULL,NULL,NULL,NULL,NULL,NULL,NULL,NULL,0),(159,25,'NV025','15/2026/HĐLĐ-CHL','Lê Văn Sơn','Lái cẩu Liebherr',NULL,'1991-01-02','Nam',NULL,'044091013487','2021-09-01','Cục QLHC về TTXH - Bộ Công An','Xã Phú Trạch, Tỉnh Quảng Trị','Thôn Minh Sơn, Xã Phú Trạch, Tỉnh Quảng Trị','0777512025','','','','4420264031','2026-05-02','Cảng THQT Hòn La','1013618682','VCB chi nhánh Quảng Ngãi','2026-05-02',NULL,'Không xác định thời hạn','Lao động trực tiếp','2026-05-02',NULL,NULL,'DANG_LAM','DANG_DONG','',NULL,NULL,'Việt Nam','Kinh','',0.00,0.00,0.00,0.00,'100%',0.00,0.00,'Hàng tháng','Tỉnh Quảng Trị','xã Phú Trạch','Thôn Minh Sơn xã Phú Trạch, Tỉnh Quảng Trị\n','Tỉnh Quảng Trị','Trung tâm Y tế Quảng Trạch ','Có',NULL,NULL,NULL,NULL,NULL,NULL,NULL,NULL,NULL,NULL,0),(160,26,'NV026','16/2026/HĐLĐ-CHL','Nguyễn Văn Tuyến','Hành chính',NULL,'1977-10-10','Nam',NULL,'040077005486','2021-08-09','Cục QLHC về TTXH - Bộ Công An','Xã Hưng Nguyên Nam, Tỉnh Nghệ An','Khối Cộng Hòa, Phường Trường Vinh, Tỉnh Nghệ An','0961778150','','Đã có HS','','4022373912','2026-05-02','Cảng THQT Hòn La','101001101757','VCB chi nhánh Nghệ An','2026-05-02',NULL,'Không xác định thời hạn','Văn phòng','2026-05-02',NULL,NULL,'DANG_LAM','DANG_DONG','',NULL,NULL,'Việt Nam','Kinh','',0.00,0.00,0.00,0.00,'100%',0.00,0.00,'Hàng tháng',' Tỉnh Nghệ An','Phường Trường Vinh','Khối Cộng Hòa, Phường Trường Vinh, Tỉnh Nghệ An','Tỉnh Quảng Trị','Trung tâm Y tế Quảng Trạch ','Có',NULL,NULL,NULL,NULL,NULL,NULL,NULL,NULL,NULL,NULL,0),(161,27,'NV027','11/2026/HĐTV-CHL','Võ Quang Hoàng','Lái xúc lật',NULL,'1992-07-07','Nam',NULL,'044092011225','2022-01-05','Cục QLHC về TTXH - Bộ Công An','Xã Trường Ninh, Tỉnh Quảng Trị','Thôn Hoàng Vinh, Xã Trường Ninh, Tỉnh Quảng Trị','0365137319','','','','','2026-05-02','Cảng THQT Hòn La','700707079999','Techcombank chi nhánh Bắc Ninh','2026-05-02',NULL,'Thử việc','Lao động trực tiếp',NULL,NULL,NULL,'THU_VIEC','CHUA_DONG','',NULL,NULL,'Việt Nam','Kinh','',0.00,0.00,0.00,0.00,'100%',0.00,0.00,'Hàng tháng','Tỉnh Quảng Trị',' Xã Trường Ninh','Thôn Hoàng Vinh, Xã Trường Ninh, Tỉnh Quảng Trị\n','Tỉnh Quảng Trị','Trung tâm Y tế Quảng Trạch ','Có',NULL,NULL,NULL,NULL,NULL,NULL,NULL,NULL,NULL,NULL,0),(162,28,'NV028','24/2026/HĐLĐ-CHL','Hồ Vũ Hoàng','Điều độ',NULL,'1986-11-14','Nam',NULL,'044086001246','2021-08-14','Cục QLHC về TTXH - Bộ Công An','Xã Đông Trạch, Tỉnh Quảng Trị','Thôn Trung Hòa, Xã Đông Trạch, Tỉnh Quảng Trị','0937773136','','','','7909393663','2026-05-02','Cảng THQT Hòn La','0311000680110','Vietcombank','2026-05-02',NULL,'Không xác định thời hạn','Lao động trực tiếp','2026-05-02',NULL,NULL,'DANG_LAM','DANG_DONG','',NULL,NULL,'Việt Nam','Kinh','',0.00,0.00,0.00,0.00,'100%',0.00,0.00,'Hàng tháng','Tỉnh Quảng Trị','Xã Đông Trạch','Thôn Trung Hòa, Xã Đông Trạch, Tỉnh Quảng Trị','Tỉnh Quảng Trị','Trung tâm Y tế Quảng Trạch','Có',NULL,NULL,NULL,NULL,NULL,NULL,NULL,NULL,NULL,NULL,0),(167,29,'NV029','17/2026/HĐLĐ-CHL','Trần Văn Tài','Quản lý cơ giới',NULL,'1978-02-22','Nam',NULL,'038078020053','2021-08-11','Cục QLHC về TTXH - Bộ Công an','Xã Thiệu Trung, Tỉnh Thanh Hóa','Thôn 4, Vận Quy, Xã Thiệu Trung, Tỉnh Thanh Hóa','0988189964','','','','3816002395','2026-05-02','Cảng THQT Hòn La','8848346066','BIDV - chi nhánh TP Thanh Hóa','2026-05-02',NULL,'Không xác định thời hạn','Lao động trực tiếp','2026-08-01',NULL,NULL,'DANG_LAM','DANG_DONG','',NULL,NULL,'Việt Nam','Kinh','',0.00,0.00,0.00,0.00,'100%',0.00,0.00,'Hàng tháng','Tỉnh Thanh Hóa','Xã Thiệu Trung','Thôn 4, Vận Quy, Xã Thiệu Trung, Tỉnh Thanh Hóa\n','Tỉnh Quảng Trị','Trung tâm Y tế Quảng Trạch','Có',NULL,NULL,NULL,NULL,NULL,NULL,NULL,NULL,NULL,NULL,0),(168,30,'NV030','18/2026/HĐLĐ-CHL','Trần Sỹ Bình','Lái máy đào',NULL,'2003-04-01','Nam',NULL,'044203003137','2022-02-23','Cục QLHC về TTXH - Bộ Công an','Xã Phú Trạch, Tỉnh Quảng Trị','Thôn Minh Sơn, Xã Phú Trạch, Tỉnh Quảng Trị','0824117666','','','','4420328157','2026-05-02','Cảng THQT Hòn La','19074473983014','Techcombank','2026-05-02',NULL,'Không xác định thời hạn','Lao động trực tiếp','2026-05-02',NULL,NULL,'DANG_LAM','DANG_DONG','',NULL,NULL,'Việt Nam','Kinh','',0.00,0.00,0.00,0.00,'100%',0.00,0.00,'Hàng tháng','Tỉnh Quảng Trị','Xã Phú Trạch','Thôn Minh Sơn, Xã Phú Trạch, Tỉnh Quảng Trị\n','Tỉnh Quảng Trị','Trung tâm Y tế Quảng Trạch','Có',NULL,NULL,NULL,NULL,NULL,NULL,NULL,NULL,NULL,NULL,0),(169,31,'NV031','19/2026/HĐLĐ-CHL','Đặng Quang Anh','Lái máy đào',NULL,'2002-02-21','Nam',NULL,'044202002406','2022-01-12','Cục QLHC về TTXH - Bộ Công an','Xã Phú Trạch, Tỉnh Quảng Trị','Thôn Minh Sơn, Xã Phú Trạch, Tỉnh Quảng Trị','0842302309','','','','4420346383','2026-05-02','Cảng THQT Hòn La','9842302309','Vietcombank','2026-05-02',NULL,'Không xác định thời hạn','Lao động trực tiếp','2026-05-02',NULL,NULL,'DANG_LAM','DANG_DONG','',NULL,NULL,'Việt Nam','Kinh','',0.00,0.00,0.00,0.00,'100%',0.00,0.00,'Hàng tháng','Tỉnh Quảng Trị','Xã Phú Trạch','Thôn Minh Sơn, Xã Phú Trạch, Tỉnh Quảng Trị\n','Tỉnh Quảng Trị','Trung tâm Y tế Quảng Trạch','Có',NULL,NULL,NULL,NULL,NULL,NULL,NULL,NULL,NULL,NULL,0),(170,32,'NV032','20/2026/HĐLĐ-CHL','Trần Văn Tình','Lái xúc lật',NULL,'1992-12-20','Nam',NULL,'044092005756','2023-06-06','Cục QLHC về TTXH - Bộ Công an','','Thôn Minh Sơn, Xã Phú Trạch, Tỉnh Quảng Trị','0978740108','','','','','2026-05-02','Cảng THQT Hòn La','5321417372','BIDV chi nhánh Bắc Quảng Bình','2026-05-02',NULL,'Không xác định thời hạn','Lao động trực tiếp','2026-05-02',NULL,NULL,'DANG_LAM','DANG_DONG','',NULL,NULL,'Việt Nam','Kinh','',0.00,0.00,0.00,0.00,'100%',0.00,0.00,'Hàng tháng','Tỉnh Quảng Trị','Xã Phú Trạch','Thôn Minh Sơn, Xã Phú Trạch, Tỉnh Quảng Trị\n','Tỉnh Quảng Trị','Trung tâm Y tế Quảng Trạch','Có',NULL,NULL,NULL,NULL,NULL,NULL,NULL,NULL,NULL,NULL,0),(171,33,'NV033','21/2026/HĐLĐ-CHL','Phạm Ngọc Hân','Lái máy đào',NULL,'1981-12-20','Nam',NULL,'044081002498','2023-10-09','Cục QLHC về TTXH - Bộ Công an','Xã Hòa Trạch, Tỉnh Quảng Trị','Thôn Di Lộc, Xã Hòa Trạch, Tỉnh Quảng Trị','0974943447','','','','3304004866','2026-05-02','Cảng THQT Hòn La','8911776081','Techcombank','2026-05-02',NULL,'Không xác định thời hạn','Lao động trực tiếp','2026-05-02',NULL,NULL,'DANG_LAM','DANG_DONG','',NULL,NULL,'Việt Nam','Kinh','',0.00,0.00,0.00,0.00,'100%',0.00,0.00,'Hàng tháng','Tỉnh Quảng Trị','Xã Hòa Trạch','Thôn Di Lộc, Xã Hòa Trạch, Tỉnh Quảng Trị\n\n','Tỉnh Quảng Trị','Trung tâm Y tế Quảng Trạch','Có',NULL,NULL,NULL,NULL,NULL,NULL,NULL,NULL,NULL,NULL,0),(172,34,'NV034','22/2026/HĐLĐ-CHL','Trương Đình Sáu','Sửa chữa',NULL,'1993-06-20','Nam',NULL,'044093001352','2023-10-04','Cục QLHC về TTXH - Bộ Công an','Xã Trường Ninh, Tỉnh Quảng Trị','Thôn Đông Cổ Hiền, Xã Trường Ninh, Tỉnh Quảng Trị','0913471872','','','','4420625998','2026-05-02','Cảng THQT Hòn La','5400638498','BIDV','2026-05-02',NULL,'Không xác định thời hạn','Lao động trực tiếp','2026-05-02',NULL,NULL,'DANG_LAM','DANG_DONG','',NULL,NULL,'Việt Nam','Kinh','',0.00,0.00,0.00,0.00,'100%',0.00,0.00,'Hàng tháng','Tỉnh Quảng Trị','Xã Trường Ninh','Thôn Đông Cổ Hiền, Xã Trường Ninh, Tỉnh Quảng Trị\n\n','Tỉnh Quảng Trị','Trung tâm Y tế Quảng Trạch','Có',NULL,NULL,NULL,NULL,NULL,NULL,NULL,NULL,NULL,NULL,0),(173,35,'NV035','23/2026/HĐLĐ-CHL','Đặng Văn Thanh','Lái máy ủi',NULL,'1999-01-17','Nam',NULL,'044099007642','2022-04-04','Cục QLHC về TTXH - Bộ Công an','Xã Phú Trạch, Tỉnh Quảng Trị','Thôn Vịnh Sơn, Xã Phú Trạch, Tỉnh Quảng Trị','0388800573','','','','','2026-05-02','Cảng THQT Hòn La','0388800573','MB Bank','2026-05-02',NULL,'Không xác định thời hạn','Lao động trực tiếp','2026-05-02',NULL,NULL,'DANG_LAM','DANG_DONG','',NULL,NULL,'Việt Nam','Kinh','',0.00,0.00,0.00,0.00,'100%',0.00,0.00,'Hàng tháng','Tỉnh Quảng Trị','Xã Hòa Trạch','Thôn Vịnh Sơn, Xã Phú Trạch, Tỉnh Quảng Trị\n\n','Tỉnh Quảng Trị','Trung tâm Y tế Quảng Trạch','Có',NULL,NULL,NULL,NULL,NULL,NULL,NULL,NULL,NULL,NULL,0),(174,36,'NV036','13/2026/HĐTV-CHL','Nguyễn Quang Sơn','Lao động phổ thông',NULL,'1986-02-16','Nam',NULL,'044086007500','2022-10-28','Cục QLHC về TTXH - Bộ Công an','Xã Hoà Trạch, Tỉnh Quảng Trị','Thôn Đông Tính, Xã Hoà Trạch, Tỉnh Quảng Trị','0986499773','','','','4421200353','2026-05-03','Cảng THQT Hòn La','5601414192','BIDV chi nhánh Bắc Quảng Bình','2026-05-03',NULL,'Thử việc','Lao động trực tiếp',NULL,NULL,NULL,'THU_VIEC','CHUA_DONG','',NULL,NULL,'Việt Nam','Kinh','',0.00,0.00,0.00,0.00,'100%',0.00,0.00,'Hàng tháng','Tỉnh Quảng Trị','Xã Hòa Trạch','Thôn Đông Tính, Xã Hoà Trạch, Tỉnh Quảng Trị\n\n\n','Tỉnh Quảng Trị','Trung tâm Y tế Quảng Trạch','Có',NULL,NULL,NULL,NULL,NULL,NULL,NULL,NULL,NULL,NULL,0),(175,37,'NV037','12/2026/HĐTV-CHL','Trương Quang Tuyền','Lao động phổ thông',NULL,'2007-06-18','Nam',NULL,'044207008234','2022-05-20','Cục QLHC về TTXH - Bộ Công an','Xã Hoà Trạch, Tỉnh Quảng Trị','Thôn Cảnh Thượng, Xã Hòa Trạch, Tỉnh Quảng Trị','0343628557','','','','4420316038','2026-05-08','Cảng THQT Hòn La','0867743873','MB Bank','2026-05-08',NULL,'Thử việc','Lao động trực tiếp',NULL,NULL,NULL,'THU_VIEC','CHUA_DONG','',NULL,NULL,'Việt Nam','Kinh','',0.00,0.00,0.00,0.00,'100%',0.00,0.00,'Hàng tháng','Tỉnh Quảng Trị','Xã Hòa Trạch','Thôn Cảnh Thượng, Xã Hòa Trạch, Tỉnh Quảng Trị\n\n\n\n','Tỉnh Quảng Trị','Trung tâm Y tế Quảng Trạch','Có',NULL,NULL,NULL,NULL,NULL,NULL,NULL,NULL,NULL,NULL,0),(176,38,'NV038','25/2026/HĐLĐ-CHL','Nguyễn Hửu Nhân','Lái cẩu Liebherr',NULL,'1995-10-30','Nam',NULL,'044095009631','2021-08-20','Cục QLHC về TTXH - Bộ Công an','Xã Trường Sơn, Tỉnh Quảng Trị','Thôn Rào Đá, Xã Trường Sơn, Tỉnh Quảng Trị','0373172371','','','','4421199369','2026-05-11','Cảng THQT Hòn La','1071000578858','Vietcombank - chi nhánh Tân Uyên','2026-05-11',NULL,'Không xác định thời hạn','Lao động trực tiếp','2026-05-11',NULL,NULL,'DANG_LAM','DANG_DONG','',NULL,NULL,'Việt Nam','Kinh','',0.00,0.00,0.00,0.00,'100%',0.00,0.00,'Hàng tháng','Tỉnh Quảng Trị','Xã Trường Sơn','Thôn Rào Đá, Xã Trường Sơn, Tỉnh Quảng Trị\n\n\n\n','Tỉnh Quảng Trị','Trung tâm Y tế Quảng Trạch','Có',NULL,NULL,NULL,NULL,NULL,NULL,NULL,NULL,NULL,NULL,0),(177,39,'NV039','14/2026/HĐTV-CHL','Ngô Minh Tân','Lao động phổ thông',NULL,'1975-10-24','Nam',NULL,'044075014006','2021-09-07','Cục QLHC về TTXH - Bộ Công An','Xã Tân Gianh, Tỉnh Quảng Trị','Chòm 1, Thanh Sơn, Xã Tân Gianh, Tỉnh Quảng Trị','0398867975','','','','4408001975','2026-05-10','Cảng THQT Hòn La','5320189119','BIDV','2026-05-10',NULL,'Thử việc','Lao động trực tiếp',NULL,NULL,NULL,'THU_VIEC','CHUA_DONG','',NULL,NULL,'Việt Nam','Kinh','',0.00,0.00,0.00,0.00,'100%',0.00,0.00,'Hàng tháng','','','','Tỉnh QUảng Trị','','Có',NULL,NULL,NULL,NULL,NULL,NULL,NULL,NULL,NULL,NULL,0),(178,40,'NV040','15/2026/HĐTV-CHL','Trần Văn Thắng','Lao động phổ thông',NULL,'1978-01-26','Nam',NULL,'044078005834','2021-09-14','Cục QLHC về TTXH - Bộ Công An','Xã Trường Phú, Tỉnh Quảng Trị','Đội 1, Lê Xá, Xã Trường Phú, Tỉnh Quảng Trị','0869707325','','','','','2026-05-10','Cảng THQT Hòn La','8822281999','Chủ Tk: Mai Thị Hồng Mận - BIDV','2026-05-10',NULL,'Thử việc','Lao động trực tiếp',NULL,NULL,NULL,'THU_VIEC','CHUA_DONG','',NULL,NULL,'Việt Nam','Kinh','',0.00,0.00,0.00,0.00,'100%',0.00,0.00,'Hàng tháng','','','','Tỉnh QUảng Trị','','Có',NULL,NULL,NULL,NULL,NULL,NULL,NULL,NULL,NULL,NULL,0),(180,41,'NV041','16/2026/HĐTV-CHL','Hà Văn Quân','Lao động phổ thông',NULL,'1982-06-20','Nam',NULL,'044082006426','2021-08-13','Cục QLHC về TTXH - Bộ CA','Xã Hòa Trạch, Tỉnh Quảng Trị','Thôn Hòa Lạc, Xã Hòa Trạch, Tỉnh Quảng Trị','0362079791',NULL,'',NULL,NULL,'2026-05-10','Cảng THQT Hòn La','8800719791','BIDV chi nhánh Bắc Quảng Trạch','2026-05-10',NULL,'Thử việc','Lao động trực tiếp',NULL,NULL,NULL,'THU_VIEC','CHUA_DONG',NULL,NULL,NULL,'Việt Nam','Kinh',NULL,0.00,0.00,0.00,0.00,'100%',0.00,0.00,'Hàng tháng','Tỉnh Quảng Trị','Xã Hòa Trạch','Thôn Hòa Lạc, Xã Hòa Trạch, Tỉnh Quảng Trị','Tỉnh Quảng Trị',NULL,'Có',NULL,NULL,NULL,NULL,NULL,NULL,NULL,NULL,NULL,NULL,0),(181,42,'NV042','02/2026/HĐTV-CHL','Phạm Thái Hoàn','Lái cẩu Liebherr',NULL,'1982-10-24','Nam',NULL,'042082013252','2022-01-07','Cục QLHC về TTXH - Bộ Công An','Thôn Nam Hà, Phường Hải Ninh, Tỉnh Hà Tĩnh','Thôn Nam Hà, Phường Hải Ninh, Tỉnh Hà Tĩnh','0382030398','','','','','2026-04-20','Cảng THQT Hòn La','0201000572310','Vietcombank chi nhánh Kỳ Anh','2026-04-20',NULL,'Thử việc','Lao động trực tiếp',NULL,NULL,NULL,'NGHI_VIEC','CHUA_DONG','','2026-05-20',NULL,'Việt Nam','Kinh','',0.00,0.00,0.00,0.00,'100%',0.00,0.00,'Hàng tháng','Tỉnh Hà Tĩnh','Phường Hải Ninh','Thôn Nam Hà, Phường Hải Ninh, Tỉnh Hà Tĩnh','Tỉnh Quảng Trị','','Có',NULL,NULL,NULL,NULL,NULL,NULL,NULL,NULL,NULL,NULL,0),(182,43,'NV043','12/2026/HĐLĐ-CHL','Hoàng Thị Tính','Tạp vụ',NULL,'1992-02-01','Nữ',NULL,'044192012584','2021-09-01','Cục QLHC về TTXH - Bộ Công An','Thôn Vĩnh Sơn, Xã Phú Trạch, Tỉnh Quảng Trị','Thôn Vĩnh Sơn, Xã Phú Trạch, Tỉnh Quảng Trị','0965719908','','','','4420264606','2026-04-18','Cảng THQT Hòn La','8870900046','BIDV chi nhánh Bắc Quảng Bình','2026-04-18',NULL,'Không xác định thời hạn','Lao động trực tiếp','2026-04-18',NULL,NULL,'DANG_LAM','DANG_DONG','',NULL,NULL,'Việt Nam','Kinh','',0.00,0.00,0.00,0.00,'100%',0.00,0.00,'Hàng tháng','Tỉnh Quảng Trị','Xã Phú Trạch','Thôn Vĩnh Sơn, Xã Phú Trạch, Tỉnh Quảng Trị','Tỉnh Quảng Trị','Trung tâm Y tế Quảng Trạch','Có',NULL,NULL,NULL,NULL,NULL,NULL,NULL,NULL,NULL,NULL,0);
/*!40000 ALTER TABLE `nhan_vien` ENABLE KEYS */;
UNLOCK TABLES;

--
-- Table structure for table `phong_ban`
--

DROP TABLE IF EXISTS `phong_ban`;
/*!40101 SET @saved_cs_client     = @@character_set_client */;
/*!50503 SET character_set_client = utf8mb4 */;
CREATE TABLE `phong_ban` (
  `Id` int(11) NOT NULL AUTO_INCREMENT,
  `Ten_phong` varchar(255) NOT NULL,
  `Truong_phong` varchar(255) DEFAULT NULL,
  PRIMARY KEY (`Id`)
) ENGINE=InnoDB AUTO_INCREMENT=3 DEFAULT CHARSET=utf8mb4 COLLATE=utf8mb4_unicode_ci;
/*!40101 SET character_set_client = @saved_cs_client */;

--
-- Dumping data for table `phong_ban`
--

LOCK TABLES `phong_ban` WRITE;
/*!40000 ALTER TABLE `phong_ban` DISABLE KEYS */;
INSERT INTO `phong_ban` VALUES (1,'Phòng HCNS','Lưu Quang Tuấn'),(2,'Phòng Kinh doanh - Kế toán','Trần Thị Y');
/*!40000 ALTER TABLE `phong_ban` ENABLE KEYS */;
UNLOCK TABLES;

--
-- Table structure for table `phu_luc_gia_dinh`
--

DROP TABLE IF EXISTS `phu_luc_gia_dinh`;
/*!40101 SET @saved_cs_client     = @@character_set_client */;
/*!50503 SET character_set_client = utf8mb4 */;
CREATE TABLE `phu_luc_gia_dinh` (
  `Id` int(11) NOT NULL AUTO_INCREMENT,
  `Nhan_vien_Id` int(11) NOT NULL,
  `Ho_ten` varchar(100) NOT NULL,
  `Ngay_sinh` date DEFAULT NULL,
  `Gioi_tinh` varchar(10) DEFAULT NULL,
  `Quoc_tich` varchar(50) DEFAULT 'Việt Nam',
  `Dan_toc` varchar(50) DEFAULT 'Kinh',
  `Quan_he_voi_chu_ho` varchar(50) DEFAULT NULL,
  `Tinh_thanh_pho` varchar(100) DEFAULT NULL,
  `Phuong_xa` varchar(100) DEFAULT NULL,
  PRIMARY KEY (`Id`),
  KEY `Nhan_vien_Id` (`Nhan_vien_Id`),
  CONSTRAINT `phu_luc_gia_dinh_ibfk_1` FOREIGN KEY (`Nhan_vien_Id`) REFERENCES `nhan_vien` (`Id`) ON DELETE CASCADE
) ENGINE=InnoDB DEFAULT CHARSET=utf8mb4 COLLATE=utf8mb4_unicode_ci;
/*!40101 SET character_set_client = @saved_cs_client */;

--
-- Dumping data for table `phu_luc_gia_dinh`
--

LOCK TABLES `phu_luc_gia_dinh` WRITE;
/*!40000 ALTER TABLE `phu_luc_gia_dinh` DISABLE KEYS */;
/*!40000 ALTER TABLE `phu_luc_gia_dinh` ENABLE KEYS */;
UNLOCK TABLES;

--
-- Table structure for table `quyet_dinh_nhan_su`
--

DROP TABLE IF EXISTS `quyet_dinh_nhan_su`;
/*!40101 SET @saved_cs_client     = @@character_set_client */;
/*!50503 SET character_set_client = utf8mb4 */;
CREATE TABLE `quyet_dinh_nhan_su` (
  `Id` int(11) NOT NULL AUTO_INCREMENT,
  `Nhan_vien_Id` int(11) NOT NULL,
  `Loai_quyet_dinh` varchar(50) NOT NULL COMMENT 'THU_VIEC, CHINH_THUC, DIEU_CHUYEN, BO_NHIEM, TANG_LUONG, NGHI_VIEC',
  `So_quyet_dinh` varchar(50) DEFAULT NULL,
  `Ngay_quyet_dinh` date NOT NULL,
  `Ngay_hieu_luc` date NOT NULL,
  `Noi_dung` text DEFAULT NULL,
  `Ghi_chu` text DEFAULT NULL,
  `Trang_thai` varchar(20) DEFAULT 'CO_HIEU_LUC',
  `Nguoi_ky` varchar(100) DEFAULT NULL,
  `Chuc_danh_cu` varchar(100) DEFAULT NULL,
  `Chuc_danh_moi` varchar(100) DEFAULT NULL,
  `Phong_ban_cu` varchar(100) DEFAULT NULL,
  `Phong_ban_moi` varchar(100) DEFAULT NULL,
  `Loai_hop_dong_cu` varchar(50) DEFAULT NULL,
  `Loai_hop_dong_moi` varchar(50) DEFAULT NULL,
  `He_so_luong_cu` decimal(10,2) DEFAULT NULL,
  `He_so_luong_moi` decimal(10,2) DEFAULT NULL,
  `Created_at` timestamp NOT NULL DEFAULT current_timestamp(),
  PRIMARY KEY (`Id`),
  KEY `idx_quyet_dinh_nhan_vien` (`Nhan_vien_Id`),
  KEY `idx_quyet_dinh_ngay` (`Ngay_quyet_dinh`),
  KEY `idx_quyet_dinh_loai` (`Loai_quyet_dinh`),
  CONSTRAINT `quyet_dinh_nhan_su_ibfk_1` FOREIGN KEY (`Nhan_vien_Id`) REFERENCES `nhan_vien` (`Id`) ON DELETE CASCADE
) ENGINE=InnoDB AUTO_INCREMENT=2 DEFAULT CHARSET=utf8mb4 COLLATE=utf8mb4_unicode_ci;
/*!40101 SET character_set_client = @saved_cs_client */;

--
-- Dumping data for table `quyet_dinh_nhan_su`
--

LOCK TABLES `quyet_dinh_nhan_su` WRITE;
/*!40000 ALTER TABLE `quyet_dinh_nhan_su` DISABLE KEYS */;
INSERT INTO `quyet_dinh_nhan_su` VALUES (1,148,'CHINH_THUC','QD20260520_NV014','2026-05-20','2026-05-20','Hoàn thành thời gian thử việc, chuyển sang hợp đồng lao động không xác định thời hạn',NULL,'CO_HIEU_LUC',NULL,NULL,NULL,NULL,NULL,'Thử việc','Không xác định thời hạn',0.00,0.00,'2026-05-20 02:03:15');
/*!40000 ALTER TABLE `quyet_dinh_nhan_su` ENABLE KEYS */;
UNLOCK TABLES;

--
-- Table structure for table `ung_vien`
--

DROP TABLE IF EXISTS `ung_vien`;
/*!40101 SET @saved_cs_client     = @@character_set_client */;
/*!50503 SET character_set_client = utf8mb4 */;
CREATE TABLE `ung_vien` (
  `Id` int(11) NOT NULL AUTO_INCREMENT,
  `Ma_UV` varchar(50) DEFAULT NULL,
  `Ho_ten` varchar(255) NOT NULL,
  `Chuc_danh_nghe` varchar(255) DEFAULT NULL,
  `Vi_tri_du_tuyen` varchar(255) DEFAULT NULL,
  `Ngay_sinh` date DEFAULT NULL,
  `Gioi_tinh` varchar(10) DEFAULT NULL,
  `Tinh_trang_hon_nhan` varchar(20) DEFAULT NULL,
  `So_CCCD` varchar(20) DEFAULT NULL,
  `Ngay_cap_CCCD` date DEFAULT NULL,
  `Noi_cap_CCCD` varchar(255) DEFAULT NULL,
  `Nguyen_quan` varchar(500) DEFAULT NULL,
  `Thuong_tru` varchar(500) DEFAULT NULL,
  `Dien_thoai` varchar(20) DEFAULT NULL,
  `Email` varchar(255) DEFAULT NULL,
  `Ho_so` varchar(10) DEFAULT NULL,
  `Luong_bao_hiem` varchar(100) DEFAULT NULL,
  `Ma_so_BHXH` varchar(50) DEFAULT NULL,
  `Ma_NV` varchar(50) DEFAULT NULL,
  `Ngay_vao_lam` date DEFAULT NULL,
  `Noi_lam_viec` varchar(255) DEFAULT NULL,
  `So_tai_khoan_NH` varchar(50) DEFAULT NULL,
  `Chi_nhanh_NH` varchar(255) DEFAULT NULL,
  `Ngay_ky_HD` date DEFAULT NULL,
  `Thoi_han_HD` varchar(255) DEFAULT NULL,
  `Ghi_chu` text DEFAULT NULL,
  `Trang_thai` varchar(30) DEFAULT 'CHO_DUYET',
  `Created_at` timestamp NOT NULL DEFAULT current_timestamp(),
  PRIMARY KEY (`Id`),
  UNIQUE KEY `Ma_UV` (`Ma_UV`)
) ENGINE=InnoDB AUTO_INCREMENT=445 DEFAULT CHARSET=utf8mb4 COLLATE=utf8mb4_unicode_ci;
/*!40101 SET character_set_client = @saved_cs_client */;

--
-- Dumping data for table `ung_vien`
--

LOCK TABLES `ung_vien` WRITE;
/*!40000 ALTER TABLE `ung_vien` DISABLE KEYS */;
INSERT INTO `ung_vien` VALUES (224,'UV0001','Nguyễn Thị Thu Hà',NULL,'Tạp vụ',NULL,'x','1988',NULL,NULL,NULL,NULL,NULL,'0916955278',NULL,NULL,'6tr - 8tr/ tháng; thử việc 6tr',NULL,NULL,'2026-01-04',NULL,NULL,NULL,NULL,NULL,'0','CHO_DUYET','2026-05-05 03:29:09'),(225,'UV0002','Phạm Thanh Bình',NULL,'Lái xúc lật','1990-01-01','','1990',NULL,NULL,NULL,NULL,NULL,' 0778584156 ',NULL,NULL,'Có thể lái xe nâng\n',NULL,NULL,'2026-01-04',NULL,NULL,NULL,NULL,NULL,'1','CHO_DUYET','2026-05-05 03:29:09'),(226,'UV0003','Trình Ánh Dương',NULL,'Lái xe nâng',NULL,'','1987',NULL,NULL,NULL,NULL,NULL,' 0326933225; 0327491',NULL,NULL,'12tr, BHXH theo luật; Có thể lái xúc lật\n',NULL,NULL,'2026-01-04',NULL,NULL,NULL,NULL,NULL,'4','CHO_DUYET','2026-05-05 03:29:09'),(227,'UV0004','Phạm Ngọc Hân',NULL,'Lái máy đào',NULL,'','1981',NULL,NULL,NULL,NULL,NULL,'0974943447',NULL,NULL,'12tr, BHXH theo luật',NULL,NULL,'2026-09-01',NULL,NULL,NULL,NULL,NULL,'2','CHO_DUYET','2026-05-05 03:29:09'),(228,'UV0005','Dương Ngọc Sơn',NULL,'Bảo vệ -x',NULL,'','1958',NULL,NULL,NULL,NULL,NULL,'',NULL,NULL,'',NULL,NULL,NULL,NULL,NULL,NULL,NULL,NULL,'4','TU_CHOI','2026-05-05 03:29:09'),(229,'UV0006','Nguyễn Thị Thu Hường','Kế toán','Kế toán','2001-03-19','Nữ','2001','044301010319','2026-03-03','Cục Cảnh Sát Quản lý hành chính về trật tự xã hôi','Xã Phú Trạch, Tỉnh Quảng Trị','Thôn Vịnh Sơn, Xã Phú Trạch, Tỉnh Quảng Trị','0799182413',NULL,'','','4420317118','NV011','2026-01-15',NULL,NULL,NULL,NULL,NULL,'4','DA_NHAN_VIEC','2026-05-05 03:29:09'),(230,'UV0007','Mai Thị Hồng Mận',NULL,'Trạm cân',NULL,'x','1981',NULL,NULL,NULL,NULL,NULL,'0376664188',NULL,NULL,'',NULL,NULL,'2026-01-04',NULL,NULL,NULL,NULL,NULL,'10','CHO_DUYET','2026-05-05 03:29:09'),(231,'UV0008','Phạm Thị Như',NULL,'Trạm cân',NULL,'x','1993',NULL,NULL,NULL,NULL,NULL,'0355565275',NULL,NULL,'8tr/tháng; thử việc 1 tháng',NULL,NULL,'2026-01-04',NULL,NULL,NULL,NULL,NULL,'4','CHO_DUYET','2026-05-05 03:29:09'),(232,'UV0009','Trương Thanh Phương',NULL,'Cơ điện',NULL,'','1991',NULL,NULL,NULL,NULL,NULL,'0886608080',NULL,NULL,'Thử việc 1 tháng',NULL,NULL,'2026-01-04',NULL,NULL,NULL,NULL,NULL,'2','CHO_DUYET','2026-05-05 03:29:09'),(233,'UV0010','Phạm Văn Dương',NULL,'Lái máy đào',NULL,'','1990',NULL,NULL,NULL,NULL,NULL,'0971999564',NULL,NULL,'',NULL,NULL,'2026-01-04',NULL,NULL,NULL,NULL,NULL,'2','CHO_DUYET','2026-05-05 03:29:09'),(234,'UV0011','Đinh Thanh Hà',NULL,'Trạm cân',NULL,'','1983',NULL,NULL,NULL,NULL,NULL,'0944654600',NULL,NULL,'',NULL,NULL,'2026-01-04',NULL,NULL,NULL,NULL,NULL,'3','CHO_DUYET','2026-05-05 03:29:09'),(235,'UV0012','Nguyễn Thị Thu Hằng',NULL,'Trạm cân',NULL,'','2003',NULL,NULL,NULL,NULL,NULL,'0799106337',NULL,NULL,'8tr/ tháng; thử việc 6tr',NULL,NULL,'2026-01-03',NULL,NULL,NULL,NULL,NULL,'2','CHO_DUYET','2026-05-05 03:29:09'),(236,'UV0013','Lê Thị Kiều Trang',NULL,'Trạm cân',NULL,'','2003',NULL,NULL,NULL,NULL,NULL,'0948252943',NULL,NULL,'8tr/ tháng; thử việc 6tr',NULL,NULL,'2026-01-03',NULL,NULL,NULL,NULL,NULL,'2','CHO_DUYET','2026-05-05 03:29:09'),(237,'UV0014','Lê Viết Thanh',NULL,'Bảo vệ -x',NULL,'','1973',NULL,NULL,NULL,NULL,NULL,'0985596469',NULL,NULL,'',NULL,NULL,NULL,NULL,NULL,NULL,NULL,NULL,'6','CHO_DUYET','2026-05-05 03:29:09'),(238,'UV0015','Phan Thanh Dũng',NULL,'Lái xe đầu kéo -x',NULL,'','1986',NULL,NULL,NULL,NULL,NULL,'0865493444',NULL,NULL,'',NULL,NULL,NULL,NULL,NULL,NULL,NULL,NULL,'1','CHO_DUYET','2026-05-05 03:29:09'),(239,'UV0016','Hoàng Thị Tính','Tạp vụ','Tạp vụ','1992-02-01','Nữ','1992','044192012584','2021-01-09','Cục Cảnh Sát Quản lý hành chính về trật tự xã hôi','Xã Phú Trạch, Tỉnh Quảng Trị','Thôn Vĩnh Sơn, Xã Phú Trạch, Tỉnh Quảng Trị','0965719908',NULL,'','','4420264606','NV024','2026-01-04',NULL,NULL,NULL,NULL,NULL,'31','DA_NHAN_VIEC','2026-05-05 03:29:09'),(240,'UV0017','Nguyễn Thị Bé',NULL,'Tạp vụ',NULL,'','1987',NULL,NULL,NULL,NULL,NULL,'0911073787',NULL,NULL,'',NULL,NULL,'2026-01-04',NULL,NULL,NULL,NULL,NULL,'5','CHO_DUYET','2026-05-05 03:29:09'),(241,'UV0018','Từ Nữ Kiều Trinh','Kế toán','Kế toán','1998-02-18','Nữ','1998','044198001901','2022-03-20','Cục Cảnh Sát Quản lý hành chính về trật tự xã hôi','Xã Phú Trạch, Tỉnh Quảng Trị','Thôn 2, Xã Phú Trạch, Tỉnh Quảng Trị','0961544089',NULL,'','','4420315391','NV012','2026-01-03',NULL,NULL,NULL,NULL,NULL,'1','DA_NHAN_VIEC','2026-05-05 03:29:09'),(242,'UV0019','Đinh Thị Thúy Hằng',NULL,'Lao động phổ thông',NULL,'','1991',NULL,NULL,NULL,NULL,NULL,'0976916154',NULL,NULL,'',NULL,NULL,'2026-01-04',NULL,NULL,NULL,NULL,NULL,'3','CHO_DUYET','2026-05-05 03:29:09'),(243,'UV0020','Võ Thị Nhường',NULL,'Tạp vụ',NULL,'','1992',NULL,NULL,NULL,NULL,NULL,'0392037554',NULL,NULL,'6-8tr/ tháng',NULL,NULL,'2026-01-04',NULL,NULL,NULL,NULL,NULL,'1','CHO_DUYET','2026-05-05 03:29:09'),(244,'UV0021','Đặng Thị Tiết',NULL,'Tạp vụ',NULL,'','1989',NULL,NULL,NULL,NULL,NULL,'0363420442',NULL,NULL,'6-8tr/ tháng',NULL,NULL,'2026-01-04',NULL,NULL,NULL,NULL,NULL,'1','CHO_DUYET','2026-05-05 03:29:09'),(245,'UV0022','Trần Trúc Quỳnh',NULL,'Kế toán -x',NULL,'','2003',NULL,NULL,NULL,NULL,NULL,'0812624770',NULL,NULL,'',NULL,NULL,NULL,NULL,NULL,NULL,NULL,NULL,'2','TU_CHOI','2026-05-05 03:29:09'),(246,'UV0023','Nguyễn Lê Khắc Ánh',NULL,'Lao động phổ thông',NULL,'','',NULL,NULL,NULL,NULL,NULL,'0799161327',NULL,NULL,'350K/công; Vận hành băng tải dăm 400-450K/công; xếp cali',NULL,NULL,'2026-01-04',NULL,NULL,NULL,NULL,NULL,'0','CHO_DUYET','2026-05-05 03:29:09'),(247,'UV0024','Nguyễn Văn Thái',NULL,'Lao động phổ thông',NULL,'','',NULL,NULL,NULL,NULL,NULL,'0944455516',NULL,NULL,'350K/công; Vận hành băng tải dăm 400-450K/công; xếp cali',NULL,NULL,'2026-01-04',NULL,NULL,NULL,NULL,NULL,'96','CHO_DUYET','2026-05-05 03:29:09'),(248,'UV0025','Trần Văn Hoài',NULL,'Lao động phổ thông',NULL,'','',NULL,NULL,NULL,NULL,NULL,'0773369659',NULL,NULL,'350K/công; Vận hành băng tải dăm 400-450K/công; xếp cali',NULL,NULL,'2026-01-04',NULL,NULL,NULL,NULL,NULL,'','CHO_DUYET','2026-05-05 03:29:09'),(249,'UV0026','Nguyễn Vũ Duy','Kinh doanh','Kinh doanh','2003-06-23','Nam','2003','044203000832','2021-12-06','Cục Cảnh Sát Quản lý hành chính về trật tự xã hôi','Xã Nam Gianh, Tỉnh Quảng Trị','Tổ 1, Khu phố 2, Phường Ba Đồn, Tỉnh Quảng Trị','0916118042',NULL,'','','4420810613','NV014','2026-01-03',NULL,NULL,NULL,NULL,NULL,'','DA_NHAN_VIEC','2026-05-05 03:29:09'),(250,'UV0027','Hà Thị Định',NULL,'Lao động phổ thông',NULL,'','',NULL,NULL,NULL,NULL,NULL,'0773371784',NULL,NULL,'',NULL,NULL,'2026-01-04',NULL,NULL,NULL,NULL,NULL,'','CHO_DUYET','2026-05-05 03:29:09'),(251,'UV0028','Bùi Thị Hằng',NULL,'Lao động phổ thông',NULL,'','',NULL,NULL,NULL,NULL,NULL,'0705283539',NULL,NULL,'',NULL,NULL,'2026-01-04',NULL,NULL,NULL,NULL,NULL,'','CHO_DUYET','2026-05-05 03:29:09'),(252,'UV0029','Hồ Tiến Lực',NULL,'Cơ điện',NULL,'','1984',NULL,NULL,NULL,NULL,NULL,'0978764897',NULL,NULL,'',NULL,NULL,'2026-01-04',NULL,NULL,NULL,NULL,NULL,'','CHO_DUYET','2026-05-05 03:29:09'),(253,'UV0030','Trịnh Minh Quý',NULL,'Lái xe đầu kéo',NULL,'','1989',NULL,NULL,NULL,NULL,NULL,'0986365377',NULL,NULL,'',NULL,NULL,'2026-01-04',NULL,NULL,NULL,NULL,NULL,'','CHO_DUYET','2026-05-05 03:29:09'),(254,'UV0031','Lưu Văn Khánh',NULL,'Lái xe ben',NULL,'','1984',NULL,NULL,NULL,NULL,NULL,'0363329273',NULL,NULL,'',NULL,NULL,'2026-01-04',NULL,NULL,NULL,NULL,NULL,'','CHO_DUYET','2026-05-05 03:29:09'),(255,'UV0032','Nguyễn Văn Tuyến','Hành chính','Làm hành chính',NULL,'Nam','1977','040077005846','2021-09-08','Cục Cảnh Sát Quản lý hành chính về trật tự xã hôi','Xã Hưng Nguyên Nam, Tỉnh Nghệ An','Khối Cộng Hòa, Phường Trường Vinh, Tỉnh Nghệ An','0961778150',NULL,'','','4099421833','NV027','2026-01-04',NULL,NULL,NULL,NULL,NULL,'','DA_NHAN_VIEC','2026-05-05 03:29:09'),(256,'UV0033','Lê Thị Vân Anh','Hành chính','Làm hành chính','2003-03-21','Nữ','2003','044303003002','2025-05-12','Cục Cảnh Sát Quản lý hành chính về trật tự xã hôi','Xã Trung Chính, Tỉnh Thanh Hoá','Tổ dân phố 7 Hải Thành, Phường Đồng Hới, Tỉnh Quảng Trị','0965951621',NULL,'','chưa đóng BH','Chưa tham gia','NV010','2026-01-15',NULL,NULL,NULL,NULL,NULL,'','DA_NHAN_VIEC','2026-05-05 03:29:09'),(257,'UV0034','Lê Thị Hoài',NULL,'Tạp vụ -x',NULL,'','1993',NULL,NULL,NULL,NULL,NULL,'0395757327',NULL,NULL,'',NULL,NULL,NULL,NULL,NULL,NULL,NULL,NULL,'','TU_CHOI','2026-05-05 03:29:09'),(258,'UV0035','Nguyễn Văn Hậu',NULL,'Lái xe ben',NULL,'','',NULL,NULL,NULL,NULL,NULL,'0857116333',NULL,NULL,'12tr',NULL,NULL,NULL,NULL,NULL,NULL,NULL,NULL,'','CHO_DUYET','2026-05-05 03:29:09'),(259,'UV0036','Nguyễn Thị Ngọc Lan',NULL,'Trạm cân',NULL,'','2003',NULL,NULL,NULL,NULL,NULL,'0944267623',NULL,NULL,'',NULL,NULL,'2026-01-04',NULL,NULL,NULL,NULL,NULL,'','CHO_DUYET','2026-05-05 03:29:09'),(260,'UV0037','Hoàng Công Phượng',NULL,'Trạm cân -x',NULL,'','2003',NULL,NULL,NULL,NULL,NULL,'',NULL,NULL,'',NULL,NULL,NULL,NULL,NULL,NULL,NULL,NULL,'','TU_CHOI','2026-05-05 03:29:09'),(261,'UV0038','Lê Thế Hội',NULL,'Thợ vận hành băng tải','1984-01-01','','1984',NULL,NULL,NULL,NULL,NULL,'0938883714',NULL,NULL,'Lái được ủi, xúc lật. Khi nào lắp đặt băng tải sẽ đi làm luôn\n',NULL,NULL,'2026-01-04',NULL,NULL,NULL,NULL,NULL,'','CHO_DUYET','2026-05-05 03:29:09'),(262,'UV0039','Đặng Yến Quang','Lái cẩu Liebherr','Lái cẩu Liebherr','1986-10-08','Nam','1986','044086004193','2021-08-16','Cục Cảnh Sát Quản lý hành chính về trật tự xã hôi','Xã Phú Trạch, Tỉnh Quảng Trị','Thôn Thọ Sơn, Xã Phú Trạch, Tỉnh Quảng Trị','0823509379',NULL,'','','4420281563','NV025','2026-01-18',NULL,NULL,NULL,NULL,NULL,'','DA_NHAN_VIEC','2026-05-05 03:29:09'),(263,'UV0040','Ngô Văn Sỹ',NULL,'Thợ vận hành băng tải','1989-01-01','','1989',NULL,NULL,NULL,NULL,NULL,'0918928231',NULL,NULL,'Có thể làm điện\n',NULL,NULL,'2026-01-04',NULL,NULL,NULL,NULL,NULL,'','CHO_DUYET','2026-05-05 03:29:09'),(264,'UV0041','Trần Mạnh Hùng',NULL,'Phụ trách kho bãi',NULL,'','2003',NULL,NULL,NULL,NULL,NULL,'0968580645',NULL,NULL,'',NULL,NULL,'2026-01-04',NULL,NULL,NULL,NULL,NULL,'','CHO_DUYET','2026-05-05 03:29:09'),(265,'UV0042','Hoàng Thị Vân',NULL,'Làm hành chính -x',NULL,'','1994',NULL,NULL,NULL,NULL,NULL,'0814280719',NULL,NULL,'',NULL,NULL,NULL,NULL,NULL,NULL,NULL,NULL,'','TU_CHOI','2026-05-05 03:29:09'),(266,'UV0043','Võ Thị Thùy Dung',NULL,'Phòng Y Tế',NULL,'','1993',NULL,NULL,NULL,NULL,NULL,'0335530347',NULL,NULL,'8tr',NULL,NULL,'2026-01-04',NULL,NULL,NULL,NULL,NULL,'','CHO_DUYET','2026-05-05 03:29:09'),(267,'UV0044','Từ THị Linh',NULL,'Tạp vụ -x',NULL,'','1991',NULL,NULL,NULL,NULL,NULL,'0989866712',NULL,NULL,'',NULL,NULL,NULL,NULL,NULL,NULL,NULL,NULL,'','TU_CHOI','2026-05-05 03:29:09'),(268,'UV0045','Lê Thị HÀ',NULL,'Tạp vụ -x',NULL,'','1983',NULL,NULL,NULL,NULL,NULL,'0915863061',NULL,NULL,'',NULL,NULL,NULL,NULL,NULL,NULL,NULL,NULL,'','TU_CHOI','2026-05-05 03:29:09'),(269,'UV0046','Lưu Đức Tình','Tổ trưởng nhân công','Tổ trưởng nhân công','1997-02-14','Nam','1997','044097006173','2021-08-14','Cục Cảnh Sát Quản lý hành chính về trật tự xã hôi','','','0372346667',NULL,'','','4421032634','NV015','2026-01-03',NULL,NULL,NULL,NULL,NULL,'','DA_NHAN_VIEC','2026-05-05 03:29:09'),(270,'UV0047','Lưu Thị Nghĩa','Kinh doanh','Kinh doanh','1999-07-18','Nữ','1999','044199009550','2024-08-20','Cục Cảnh Sát Quản lý hành chính về trật tự xã hôi','Xã Bắc Trạch, Tỉnh Quảng Trị','Thôn 9, Xã Bắc Trạch, Tỉnh Quảng Trị','0829423293',NULL,'','','4420480949','NV013','2026-01-03',NULL,NULL,NULL,NULL,NULL,'','DA_NHAN_VIEC','2026-05-05 03:29:09'),(271,'UV0048','Võ Thị Hải Lý',NULL,'Trạm cân -x',NULL,'','1987',NULL,NULL,NULL,NULL,NULL,'0345153370',NULL,NULL,'',NULL,NULL,NULL,NULL,NULL,NULL,NULL,NULL,'','TU_CHOI','2026-05-05 03:29:09'),(272,'UV0049','ĐInh Văn Hạnh',NULL,'Lái xe ben',NULL,'','1990',NULL,NULL,NULL,NULL,NULL,'0977649645',NULL,NULL,'12tr',NULL,NULL,'2026-01-04',NULL,NULL,NULL,NULL,NULL,'','CHO_DUYET','2026-05-05 03:29:09'),(273,'UV0050','Lê Trọng Hiếu',NULL,'Kinh doanh -x',NULL,'','1984',NULL,NULL,NULL,NULL,NULL,'0986050308',NULL,NULL,'',NULL,NULL,NULL,NULL,NULL,NULL,NULL,NULL,'','TU_CHOI','2026-05-05 03:29:09'),(274,'UV0051','Nguyễn Hoài Bảo Linh',NULL,'Làm hành chính -x',NULL,'','1995',NULL,NULL,NULL,NULL,NULL,'0374731347',NULL,NULL,'',NULL,NULL,NULL,NULL,NULL,NULL,NULL,NULL,'','TU_CHOI','2026-05-05 03:29:09'),(275,'UV0052','Phan Thanh Thân',NULL,'Lái xe ben',NULL,'','1991',NULL,NULL,NULL,NULL,NULL,'0366916739',NULL,NULL,'12tr',NULL,NULL,NULL,NULL,NULL,NULL,NULL,NULL,'','CHO_DUYET','2026-05-05 03:29:09'),(276,'UV0053','Nguyễn Ngọc Việt',NULL,'Lái xe ben',NULL,'','1983',NULL,NULL,NULL,NULL,NULL,'0905232509',NULL,NULL,'12tr',NULL,NULL,'2026-01-04',NULL,NULL,NULL,NULL,NULL,'','CHO_DUYET','2026-05-05 03:29:09'),(277,'UV0054','Trần Anh',NULL,'Lái xe đầu kéo',NULL,'','1986',NULL,NULL,NULL,NULL,NULL,'0942981454',NULL,NULL,'13tr',NULL,NULL,'2026-01-04',NULL,NULL,NULL,NULL,NULL,'','CHO_DUYET','2026-05-05 03:29:09'),(278,'UV0055','Nguyễn Văn Hương',NULL,'Lái xe đầu kéo',NULL,'','1978',NULL,NULL,NULL,NULL,NULL,'0962233533',NULL,NULL,'13tr',NULL,NULL,'2026-01-04',NULL,NULL,NULL,NULL,NULL,'','CHO_DUYET','2026-05-05 03:29:09'),(279,'UV0056','Nguyễn Văn Thanh',NULL,'Lái xe ben',NULL,'','1990',NULL,NULL,NULL,NULL,NULL,'0374352567',NULL,NULL,'12tr',NULL,NULL,'2026-01-04',NULL,NULL,NULL,NULL,NULL,'','CHO_DUYET','2026-05-05 03:29:09'),(280,'UV0057','Trần Ngọc Huy','Vận hành băng tải','Thợ vận hành băng tải','1999-01-07','Nam','1999','044099001284','2024-01-29','Cục Cảnh Sát Quản lý hành chính về trật tự xã hôi','Xã Hoà Trạch, Tỉnh Quảng Trị','Thôn Đông Cảng, Xã Hoà Trạch, Tỉnh Quảng Trị','0963593585',NULL,'','Em Vợ Long BP, có thể làm điện hàn. Giao nhận vật tư. Đi đào tạo tại Nghi Thiết\n','4420315038','NV018','2026-01-03',NULL,NULL,NULL,NULL,NULL,'','DA_NHAN_VIEC','2026-05-05 03:29:09'),(281,'UV0058','Hồ Thành Chung',NULL,'Thợ vận hành băng tải','1982-01-01','','1982',NULL,NULL,NULL,NULL,NULL,'0985228119',NULL,NULL,'12tr - Cơ điện 10 năm, vận hành sửa chữa máy lạnh, có thể kèm về sửa chữa,. Có thể là hàn. Người que',NULL,NULL,'2026-01-04',NULL,NULL,NULL,NULL,NULL,'','CHO_DUYET','2026-05-05 03:29:09'),(282,'UV0059','Lê Chí Linh',NULL,'Bảo vệ -x',NULL,'','1981',NULL,NULL,NULL,NULL,NULL,'0966607806',NULL,NULL,'',NULL,NULL,NULL,NULL,NULL,NULL,NULL,NULL,'','TU_CHOI','2026-05-05 03:29:09'),(283,'UV0060','Trần Văn Công',NULL,'Lao động phổ thông',NULL,'','1974',NULL,NULL,NULL,NULL,NULL,'0986358942',NULL,NULL,'',NULL,NULL,NULL,NULL,NULL,NULL,NULL,NULL,'','CHO_DUYET','2026-05-05 03:29:09'),(284,'UV0061','Trần Đức Hà',NULL,'Lái xúc lật','1976-01-01','','1976',NULL,NULL,NULL,NULL,NULL,'0855730886',NULL,NULL,'12tr; thử việc 01 tháng; Lái máy đào, máy nâng\n\n',NULL,NULL,'2026-01-04',NULL,NULL,NULL,NULL,NULL,'','CHO_DUYET','2026-05-05 03:29:09'),(285,'UV0062','Phan Công Minh',NULL,'Lao động phổ thông',NULL,'','2007',NULL,NULL,NULL,NULL,NULL,'0362555103',NULL,NULL,'',NULL,NULL,'2026-01-04',NULL,NULL,NULL,NULL,NULL,'','CHO_DUYET','2026-05-05 03:29:09'),(286,'UV0063','Hoàng Thanh Hùng',NULL,'Lái cẩu bánh xích -x',NULL,'','1995',NULL,NULL,NULL,NULL,NULL,'0813602133',NULL,NULL,'',NULL,NULL,NULL,NULL,NULL,NULL,NULL,NULL,'','CHO_DUYET','2026-05-05 03:29:09'),(287,'UV0064','Trần Duy Hưng',NULL,'Bảo vệ',NULL,'','1972',NULL,NULL,NULL,NULL,NULL,'0868896927',NULL,NULL,'',NULL,NULL,NULL,NULL,NULL,NULL,NULL,NULL,'','CHO_DUYET','2026-05-05 03:29:09'),(288,'UV0065','Tưởng Văn Hà',NULL,'Lái xe ben',NULL,'','1986',NULL,NULL,NULL,NULL,NULL,'0818011773',NULL,NULL,'12tr',NULL,NULL,'2026-01-04',NULL,NULL,NULL,NULL,NULL,'','CHO_DUYET','2026-05-05 03:29:09'),(289,'UV0066','Võ Minh Hiếu',NULL,'Lái xe ben',NULL,'','1994',NULL,NULL,NULL,NULL,NULL,'0904955782',NULL,NULL,'',NULL,NULL,'2026-01-04',NULL,NULL,NULL,NULL,NULL,'','CHO_DUYET','2026-05-05 03:29:09'),(290,'UV0067','Trần Ngọc Sơn',NULL,'Cơ điện -x',NULL,'','1980',NULL,NULL,NULL,NULL,NULL,'0975470155',NULL,NULL,'',NULL,NULL,NULL,NULL,NULL,NULL,NULL,NULL,'','TU_CHOI','2026-05-05 03:29:09'),(291,'UV0068','Đặng Văn Thanh',NULL,'Lái máy ủi','1999-01-01','','1999',NULL,NULL,NULL,NULL,NULL,'0388800573',NULL,NULL,'lương 10tr;  Mới ra trường. Đi đào tạo tại Hòn La;  Máy đào ok. \n',NULL,NULL,'2026-01-03',NULL,NULL,NULL,NULL,NULL,'','CHO_DUYET','2026-05-05 03:29:09'),(292,'UV0069','Đình Văn Hóa',NULL,'Lái xe ben -x',NULL,'','2000',NULL,NULL,NULL,NULL,NULL,'0397737173',NULL,NULL,'12tr',NULL,NULL,NULL,NULL,NULL,NULL,NULL,NULL,'','TU_CHOI','2026-05-05 03:29:09'),(293,'UV0070','Bùi Duy Khánh',NULL,'Lái xe ben',NULL,'','1987',NULL,NULL,NULL,NULL,NULL,'0353033991',NULL,NULL,'12tr',NULL,NULL,'2026-01-04',NULL,NULL,NULL,NULL,NULL,'','CHO_DUYET','2026-05-05 03:29:09'),(294,'UV0071','Mai Văn Thi',NULL,'Lái máy đào -x',NULL,'','1971',NULL,NULL,NULL,NULL,NULL,'0907555020',NULL,NULL,'12tr',NULL,NULL,'2026-01-04',NULL,NULL,NULL,NULL,NULL,'','CHO_DUYET','2026-05-05 03:29:09'),(295,'UV0072','Nguyễn Ngọc Hoàn',NULL,'Bảo vệ',NULL,'','1973',NULL,NULL,NULL,NULL,NULL,'0972989737',NULL,NULL,'',NULL,NULL,'2026-01-04',NULL,NULL,NULL,NULL,NULL,'','CHO_DUYET','2026-05-05 03:29:09'),(296,'UV0073','Cao Thanh Hải',NULL,'Bảo vệ',NULL,'','1984',NULL,NULL,NULL,NULL,NULL,'0936238885',NULL,NULL,'',NULL,NULL,NULL,NULL,NULL,NULL,NULL,NULL,'','CHO_DUYET','2026-05-05 03:29:09'),(297,'UV0074','Nguyễn Minh Đức',NULL,'Bảo vệ -x',NULL,'','1970',NULL,NULL,NULL,NULL,NULL,'0916699123',NULL,NULL,'',NULL,NULL,NULL,NULL,NULL,NULL,NULL,NULL,'','TU_CHOI','2026-05-05 03:29:09'),(298,'UV0075','Phạm Thái Hoàn','Lái cẩu Liebherr','Lái cẩu Liebherr','1982-10-24','Nam','1982','042082013252','2022-07-01','Cục Cảnh Sát Quản lý hành chính về trật tự xã hôi','Phường Hải Ninh, Tỉnh Hà Tĩnh','Thôn Nam Hà, Phường Hải Ninh, Tỉnh Hà Tĩnh','0382030398',NULL,'','','Chưa tham gia','NV007','2026-05-20',NULL,NULL,NULL,NULL,NULL,'','DA_NHAN_VIEC','2026-05-05 03:29:09'),(299,'UV0076','Tưởng Văn Duy',NULL,'Lái xe ben',NULL,'','1992',NULL,NULL,NULL,NULL,NULL,'0336731385',NULL,NULL,'',NULL,NULL,NULL,NULL,NULL,NULL,NULL,NULL,'','CHO_DUYET','2026-05-05 03:29:09'),(300,'UV0077','Đinh Thị Huyền',NULL,'Lao động phổ thông',NULL,'','1991',NULL,NULL,NULL,NULL,NULL,'0398777305',NULL,NULL,'',NULL,NULL,NULL,NULL,NULL,NULL,NULL,NULL,'','CHO_DUYET','2026-05-05 03:29:09'),(301,'UV0078','Đặng Thái Châu',NULL,'Lái xe đầu kéo',NULL,'','1987',NULL,NULL,NULL,NULL,NULL,'0962973777',NULL,NULL,'',NULL,NULL,NULL,NULL,NULL,NULL,NULL,NULL,'','CHO_DUYET','2026-05-05 03:29:09'),(302,'UV0079','Hồ Văn Sơn',NULL,'Lái xúc lật -x',NULL,'','1972',NULL,NULL,NULL,NULL,NULL,'0862448168',NULL,NULL,'',NULL,NULL,NULL,NULL,NULL,NULL,NULL,NULL,'','TU_CHOI','2026-05-05 03:29:09'),(303,'UV0080','Bùi Phong Vũ',NULL,'Lái máy đào -x',NULL,'','1997',NULL,NULL,NULL,NULL,NULL,'0342546763',NULL,NULL,'',NULL,NULL,NULL,NULL,NULL,NULL,NULL,NULL,'','TU_CHOI','2026-05-05 03:29:09'),(304,'UV0081','Trần Văn Thắng',NULL,'Lao động phổ thông',NULL,'','1978',NULL,NULL,NULL,NULL,NULL,'0869070325',NULL,NULL,'',NULL,NULL,'2026-01-04',NULL,NULL,NULL,NULL,NULL,'','CHO_DUYET','2026-05-05 03:29:09'),(305,'UV0082','Nguyễn Trường Minh','Lái cẩu Liebherr','Lái cẩu Liebherr','1978-06-12','Nam','1978','044078000841','2022-03-14','Cục Cảnh Sát Quản lý hành chính về trật tự xã hôi','Xã Tân Gianh, Tỉnh Quảng Trị','Thôn Ngọa Cương, Xã Tân Gianh, Tỉnh Quảng Trị','0988599499',NULL,'','','7911443314','NV009','2026-05-25',NULL,NULL,NULL,NULL,NULL,'','DA_NHAN_VIEC','2026-05-05 03:29:09'),(306,'UV0083','Nguyễn Văn Đại','Lái cẩu Liebherr','Lái cẩu Liebherr','1999-08-19','Nam','1999','044099003854','2024-03-09','Cục Cảnh Sát Quản lý hành chính về trật tự xã hôi','Xã Nam Gianh, Tỉnh Quảng Trị','Thôn Vĩnh Lộc, Xã Nam Gianh, Tỉnh Quảng Trị','0939190899',NULL,'','','4420866047','NV006','2026-05-20',NULL,NULL,NULL,NULL,NULL,'','DA_NHAN_VIEC','2026-05-05 03:29:09'),(307,'UV0084','Tô Minh Tân',NULL,'Lái cẩu Liebherr -x',NULL,'','1986',NULL,NULL,NULL,NULL,NULL,'0852479222',NULL,NULL,'',NULL,NULL,'2026-01-04',NULL,NULL,NULL,NULL,NULL,'','CHO_DUYET','2026-05-05 03:29:09'),(308,'UV0085','Ngô Xuân Phương',NULL,'Lái xe ben -x',NULL,'','1989',NULL,NULL,NULL,NULL,NULL,'0813102557',NULL,NULL,'',NULL,NULL,NULL,NULL,NULL,NULL,NULL,NULL,'','TU_CHOI','2026-05-05 03:29:09'),(309,'UV0086','Nguyễn Hà Trang',NULL,'Kế toán -x',NULL,'','2003',NULL,NULL,NULL,NULL,NULL,'0326926397',NULL,NULL,'',NULL,NULL,NULL,NULL,NULL,NULL,NULL,NULL,'','TU_CHOI','2026-05-05 03:29:09'),(310,'UV0087','Nguyễn Minh Hiệu',NULL,'Bảo vệ -x',NULL,'','1971',NULL,NULL,NULL,NULL,NULL,'0398083985',NULL,NULL,'',NULL,NULL,NULL,NULL,NULL,NULL,NULL,NULL,'','TU_CHOI','2026-05-05 03:29:09'),(311,'UV0088','Nguyễn Chánh Tín',NULL,'Lái xe đầu kéo -x',NULL,'','1993',NULL,NULL,NULL,NULL,NULL,'0358229334',NULL,NULL,'',NULL,NULL,NULL,NULL,NULL,NULL,NULL,NULL,'','TU_CHOI','2026-05-05 03:29:09'),(312,'UV0089','Phan Văn Quyết','Điều độ','Điều độ','1990-08-17','Nam','','044090011075','2021-08-14','Cục Cảnh Sát Quản lý hành chính về trật tự xã hôi','Xã Đông Trạch, Tỉnh Quảng Trị','Thôn Sơn Lý, Xã Đông Trạch, Tỉnh Quảng Trị','0396882124',NULL,'','','7911532361','NV016',NULL,NULL,NULL,NULL,NULL,NULL,'','DA_NHAN_VIEC','2026-05-05 03:29:09'),(313,'UV0090','Hồ Vũ Hoàng','Điều độ','Điều độ','1986-11-14','Nam','','044086001246',NULL,'','Xã Đông Trạch, Tỉnh Quảng Trị','Thôn Trung Hòa, Xã Đông Trạch, Tỉnh Quảng Trị','0937773136',NULL,'','','','NV028',NULL,NULL,NULL,NULL,NULL,NULL,'','DA_NHAN_VIEC','2026-05-05 03:29:09'),(314,'UV0091','Nguyễn Việt Phương','Điều độ','Điều độ','1991-03-25','Nam','','044091000766','2022-09-25','Cục Cảnh Sát Quản lý hành chính về trật tự xã hôi','','','0862251616',NULL,'','','Chưa tham gia','NV017',NULL,NULL,NULL,NULL,NULL,NULL,'','DA_NHAN_VIEC','2026-05-05 03:29:09'),(315,'UV0092','Tạ Tuấn Thành',NULL,'Lái cẩu Liebherr -x',NULL,'','1998',NULL,NULL,NULL,NULL,NULL,'0814978018',NULL,NULL,'',NULL,NULL,NULL,NULL,NULL,NULL,NULL,NULL,'','TU_CHOI','2026-05-05 03:29:09'),(316,'UV0093','Võ Văn Ngà',NULL,'Lái xe đầu kéo -x',NULL,'','1993',NULL,NULL,NULL,NULL,NULL,'0392950092',NULL,NULL,'',NULL,NULL,NULL,NULL,NULL,NULL,NULL,NULL,'','CHO_DUYET','2026-05-05 03:29:09'),(317,'UV0094','Nguyễn Thị Xuân',NULL,'Lao động phổ thông -x',NULL,'','1975',NULL,NULL,NULL,NULL,NULL,'0975949684',NULL,NULL,'',NULL,NULL,NULL,NULL,NULL,NULL,NULL,NULL,'','TU_CHOI','2026-05-05 03:29:09'),(318,'UV0095','Nguyễn Thị Huệ',NULL,'Tạp vụ -x',NULL,'','1994',NULL,NULL,NULL,NULL,NULL,'0987689657',NULL,NULL,'',NULL,NULL,NULL,NULL,NULL,NULL,NULL,NULL,'','TU_CHOI','2026-05-05 03:29:09'),(319,'UV0096','Đàm Thị Thúy',NULL,'Tạp vụ -x',NULL,'','1990',NULL,NULL,NULL,NULL,NULL,'0337874416',NULL,NULL,'',NULL,NULL,NULL,NULL,NULL,NULL,NULL,NULL,'','TU_CHOI','2026-05-05 03:29:09'),(320,'UV0097','Đặng Thị Nguyệt',NULL,'Lao động phổ thông -x',NULL,'','1980',NULL,NULL,NULL,NULL,NULL,'0337118737',NULL,NULL,'',NULL,NULL,NULL,NULL,NULL,NULL,NULL,NULL,'','TU_CHOI','2026-05-05 03:29:09'),(321,'UV0098','Hà Văn Quân',NULL,'Lao động phổ thông',NULL,'','1982',NULL,NULL,NULL,NULL,NULL,'0362079791',NULL,NULL,'',NULL,'NV041','2026-01-04',NULL,NULL,NULL,NULL,NULL,'','DA_NHAN_VIEC','2026-05-05 03:29:09'),(322,'UV0099','Phạm Thanh Sơn',NULL,'Lao động phổ thông',NULL,'','1985',NULL,NULL,NULL,NULL,NULL,'0356959140',NULL,NULL,'',NULL,NULL,'2026-04-01',NULL,NULL,NULL,NULL,NULL,'','CHO_DUYET','2026-05-05 03:29:09'),(323,'UV0100','Đặng Văn Linh',NULL,'Lao động phổ thông -x',NULL,'','1980',NULL,NULL,NULL,NULL,NULL,'0394287961',NULL,NULL,'',NULL,NULL,NULL,NULL,NULL,NULL,NULL,NULL,'','CHO_DUYET','2026-05-05 03:29:09'),(324,'UV0101','Tưởng Thanh Thuyết',NULL,'Lao động phổ thông',NULL,'','1974',NULL,NULL,NULL,NULL,NULL,'0964807921',NULL,NULL,'',NULL,NULL,'2026-04-01',NULL,NULL,NULL,NULL,NULL,'','CHO_DUYET','2026-05-05 03:29:09'),(325,'UV0102','Đàm Quốc Tịnh','Lao động phổ thông','Lao động phổ thông','1988-07-30','Nam','1988','044088005280','2021-04-27','Cục Cảnh Sát Quản lý hành chính về trật tự xã hôi','Xã Hòa Trạch, Tỉnh Quảng Trị','Thôn Đất Đỏ, Xã Hòa Trạch, Tỉnh Quảng Trị','0819875168',NULL,'','','4420349946','NV005','2026-04-01',NULL,NULL,NULL,NULL,NULL,'','DA_NHAN_VIEC','2026-05-05 03:29:09'),(326,'UV0103','Phan Văn Bồi',NULL,'Lái xe ben -x',NULL,'','1973',NULL,NULL,NULL,NULL,NULL,'0913810114',NULL,NULL,'',NULL,NULL,NULL,NULL,NULL,NULL,NULL,NULL,'','TU_CHOI','2026-05-05 03:29:09'),(327,'UV0104','Đặng Văn Hoàng',NULL,'Lái xe ben -x',NULL,'','1995',NULL,NULL,NULL,NULL,NULL,'0372766440',NULL,NULL,'',NULL,NULL,NULL,NULL,NULL,NULL,NULL,NULL,'','TU_CHOI','2026-05-05 03:29:09'),(328,'UV0105','Nguyễn Văn Công',NULL,'Lao động phổ thông',NULL,'','1989',NULL,NULL,NULL,NULL,NULL,'0336853000',NULL,NULL,'',NULL,NULL,'2026-04-01',NULL,NULL,NULL,NULL,NULL,'','CHO_DUYET','2026-05-05 03:29:09'),(329,'UV0106','Hà Ngọc Đại',NULL,'Lao động phổ thông',NULL,'','1977',NULL,NULL,NULL,NULL,NULL,'0349090789',NULL,NULL,'',NULL,NULL,'2026-04-01',NULL,NULL,NULL,NULL,NULL,'','CHO_DUYET','2026-05-05 03:29:09'),(330,'UV0107','Phạm Việt Quốc',NULL,'Lái máy đào -x',NULL,'','1992',NULL,NULL,NULL,NULL,NULL,'0947895287',NULL,NULL,'',NULL,NULL,NULL,NULL,NULL,NULL,NULL,NULL,'','TU_CHOI','2026-05-05 03:29:09'),(331,'UV0108','Nguyễn Văn Tòng','Lao động phổ thông','Lao động phổ thông','1989-10-01','Nam','1989','044089007259','2022-07-03','Cục Cảnh Sát Quản lý hành chính về trật tự xã hôi','Xã Phú Trạch, Tỉnh Quảng Trị','1077/33, đường Tỉnh Lộ 43, khu phố 14, Phường Tam Bình, Thành phố Hồ Chí Minh','0973877324',NULL,'','','7913260581','NV003','2026-04-01',NULL,NULL,NULL,NULL,NULL,'','DA_NHAN_VIEC','2026-05-05 03:29:09'),(332,'UV0109','Hoàng Ngọc Đương',NULL,'Lao động phổ thông',NULL,'','1977',NULL,NULL,NULL,NULL,NULL,'0852426991',NULL,NULL,'',NULL,NULL,'2026-04-01',NULL,NULL,NULL,NULL,NULL,'','CHO_DUYET','2026-05-05 03:29:09'),(333,'UV0110','Trương Quang Tuấn',NULL,'Lái máy đào -x',NULL,'','2005',NULL,NULL,NULL,NULL,NULL,'0838277218',NULL,NULL,'',NULL,NULL,'2026-03-05',NULL,NULL,NULL,NULL,NULL,'','TU_CHOI','2026-05-05 03:29:09'),(334,'UV0111','Đặng Đình Lích',NULL,'Lái xe đầu kéo -x',NULL,'','1990',NULL,NULL,NULL,NULL,NULL,'0978438557',NULL,NULL,'',NULL,NULL,NULL,NULL,NULL,NULL,NULL,NULL,'','TU_CHOI','2026-05-05 03:29:09'),(335,'UV0112','Nguyễn Việt Hải',NULL,'Phụ trách kho bãi -x',NULL,'','1997',NULL,NULL,NULL,NULL,NULL,'0353331722',NULL,NULL,'',NULL,NULL,NULL,NULL,NULL,NULL,NULL,NULL,'','TU_CHOI','2026-05-05 03:29:09'),(336,'UV0113','Lê Văn Công',NULL,'Lái xe đầu kéo -x',NULL,'','1983',NULL,NULL,NULL,NULL,NULL,'0965118421',NULL,NULL,'',NULL,NULL,NULL,NULL,NULL,NULL,NULL,NULL,'','CHO_DUYET','2026-05-05 03:29:09'),(337,'UV0114','Võ Văn Khương',NULL,'Lái xe đầu kéo -x',NULL,'','1980',NULL,NULL,NULL,NULL,NULL,'0818490153',NULL,NULL,'',NULL,NULL,NULL,NULL,NULL,NULL,NULL,NULL,'','CHO_DUYET','2026-05-05 03:29:09'),(338,'UV0115','Hồ Thành Đạt',NULL,'Lái máy đào -x',NULL,'','2004',NULL,NULL,NULL,NULL,NULL,'0343194618',NULL,NULL,'',NULL,NULL,NULL,NULL,NULL,NULL,NULL,NULL,'','TU_CHOI','2026-05-05 03:29:09'),(339,'UV0116','Lê Thanh Ca',NULL,'Lái xe đầu kéo -x',NULL,'','1985',NULL,NULL,NULL,NULL,NULL,'0343209094',NULL,NULL,'',NULL,NULL,NULL,NULL,NULL,NULL,NULL,NULL,'','TU_CHOI','2026-05-05 03:29:09'),(340,'UV0117','Nguyễn Thị Tú Hằng',NULL,'Trạm cân -x',NULL,'','1988',NULL,NULL,NULL,NULL,NULL,'0967689145',NULL,NULL,'',NULL,NULL,NULL,NULL,NULL,NULL,NULL,NULL,'','TU_CHOI','2026-05-05 03:29:09'),(341,'UV0118','Đinh Văn Lục',NULL,'Lái xe đầu kéo -x',NULL,'','1985',NULL,NULL,NULL,NULL,NULL,'0787575875',NULL,NULL,'',NULL,NULL,NULL,NULL,NULL,NULL,NULL,NULL,'','TU_CHOI','2026-05-05 03:29:09'),(342,'UV0119','Nguyễn Quang Sơn','Lao động phổ thông','Lao động phổ thông','1986-02-16','Nam','1986','044086007500','2022-10-28','Cục Cảnh Sát Quản lý hành chính về trật tự xã hôi','Xã Hoà Trạch, Tỉnh Quảng Trị','Thôn Đông Tính, Xã Hoà Trạch, Tỉnh Quảng Trị','0986499773',NULL,'','','4421200353','NV019',NULL,NULL,NULL,NULL,NULL,NULL,'','DA_NHAN_VIEC','2026-05-05 03:29:09'),(343,'UV0120','Trần Trung Bồn',NULL,'Lái máy đào',NULL,'','1979',NULL,NULL,NULL,NULL,NULL,'0815092686',NULL,NULL,'',NULL,NULL,NULL,NULL,NULL,NULL,NULL,NULL,'','CHO_DUYET','2026-05-05 03:29:09'),(344,'UV0121','Trần Minh Tiến',NULL,'',NULL,'','1981',NULL,NULL,NULL,NULL,NULL,'0988688187',NULL,NULL,'',NULL,NULL,NULL,NULL,NULL,NULL,NULL,NULL,'','CHO_DUYET','2026-05-05 03:29:09'),(345,'UV0122','Nguyễn Thị Hồng',NULL,'Lao động phổ thông -x',NULL,'','1983',NULL,NULL,NULL,NULL,NULL,'0375324974',NULL,NULL,'',NULL,NULL,NULL,NULL,NULL,NULL,NULL,NULL,'','CHO_DUYET','2026-05-05 03:29:09'),(346,'UV0123','Nguyễn Thị Thanh Hoài',NULL,'Lao động phổ thông -x',NULL,'','1988',NULL,NULL,NULL,NULL,NULL,'0824104703',NULL,NULL,'',NULL,NULL,NULL,NULL,NULL,NULL,NULL,NULL,'','CHO_DUYET','2026-05-05 03:29:09'),(347,'UV0124','Cao Văn Trinh',NULL,'Lao động phổ thông',NULL,'','1979',NULL,NULL,NULL,NULL,NULL,'0328717413',NULL,NULL,'',NULL,NULL,NULL,NULL,NULL,NULL,NULL,NULL,'','CHO_DUYET','2026-05-05 03:29:09'),(348,'UV0125','Phạm Hải',NULL,'Lao động phổ thông',NULL,'','1976',NULL,NULL,NULL,NULL,NULL,'0384891445',NULL,NULL,'',NULL,NULL,NULL,NULL,NULL,NULL,NULL,NULL,'','CHO_DUYET','2026-05-05 03:29:09'),(349,'UV0126','Võ Văn Tứ',NULL,'Lao động phổ thông -x',NULL,'','1989',NULL,NULL,NULL,NULL,NULL,'0847437609',NULL,NULL,'',NULL,NULL,NULL,NULL,NULL,NULL,NULL,NULL,'','CHO_DUYET','2026-05-05 03:29:09'),(350,'UV0127','Ngô Minh Tân',NULL,'Lao động phổ thông',NULL,'','1975',NULL,NULL,NULL,NULL,NULL,'0398867975',NULL,NULL,'',NULL,NULL,NULL,NULL,NULL,NULL,NULL,NULL,'','CHO_DUYET','2026-05-05 03:29:09'),(351,'UV0128','Trần Văn Tình',NULL,'Lái xúc lật -x',NULL,'','1992',NULL,NULL,NULL,NULL,NULL,'0978740108',NULL,NULL,'',NULL,NULL,NULL,NULL,NULL,NULL,NULL,NULL,'','CHO_DUYET','2026-05-05 03:29:09'),(352,'UV0129','Nguyễn Thái Dương',NULL,'Thợ hàn','1985-01-01','','1985',NULL,NULL,NULL,NULL,NULL,'0961555357',NULL,NULL,' Chứng chỉ bằng lắp ráp vỏ tàu thủy. Hàn bên Đài Loan, 3 năm, về nước 10/2025 (hàn kết cấu nhà xưởng',NULL,NULL,NULL,NULL,NULL,NULL,NULL,NULL,'','CHO_DUYET','2026-05-05 03:29:09'),(353,'UV0130','Lê Ngọc Vũ',NULL,'Thợ hàn','1985-01-01','','1985',NULL,NULL,NULL,NULL,NULL,'0917002336',NULL,NULL,'Chứng chỉ trung cấp quản trị kinh doanh (bán hàng). Hàn nhà xưởng công nghiệp, 04 năm mỏ xưởng cơ kh',NULL,NULL,NULL,NULL,NULL,NULL,NULL,NULL,'','CHO_DUYET','2026-05-05 03:29:09'),(354,'UV0131','Trương Hoàng',NULL,'Lao động phổ thông',NULL,'','1987',NULL,NULL,NULL,NULL,NULL,'0862453583',NULL,NULL,'',NULL,NULL,NULL,NULL,NULL,NULL,NULL,NULL,'','CHO_DUYET','2026-05-05 03:29:09'),(355,'UV0132','Dương Phước Thành',NULL,'Lái máy ủi -x',NULL,'','2002',NULL,NULL,NULL,NULL,NULL,'0366499066',NULL,NULL,'',NULL,NULL,NULL,NULL,NULL,NULL,NULL,NULL,'','CHO_DUYET','2026-05-05 03:29:09'),(356,'UV0133','Nguyễn Văn Tài',NULL,'Lái máy ủi -x',NULL,'','2002',NULL,NULL,NULL,NULL,NULL,'0971253190',NULL,NULL,'',NULL,NULL,NULL,NULL,NULL,NULL,NULL,NULL,'','CHO_DUYET','2026-05-05 03:29:09'),(357,'UV0134','A Vinh',NULL,'Lái máy đào -x',NULL,'','',NULL,NULL,NULL,NULL,NULL,'0974130452',NULL,NULL,'',NULL,NULL,NULL,NULL,NULL,NULL,NULL,NULL,'','CHO_DUYET','2026-05-05 03:29:09'),(358,'UV0135','Em Thịnh',NULL,'Lái máy đào',NULL,'','',NULL,NULL,NULL,NULL,NULL,'0819078084',NULL,NULL,'',NULL,NULL,NULL,NULL,NULL,NULL,NULL,NULL,'','CHO_DUYET','2026-05-05 03:29:09'),(359,'UV0136','Phạm Văn Hà',NULL,'Lao động phổ thông -x',NULL,'','1995',NULL,NULL,NULL,NULL,NULL,'0346881191',NULL,NULL,'',NULL,NULL,NULL,NULL,NULL,NULL,NULL,NULL,'','CHO_DUYET','2026-05-05 03:29:09'),(360,'UV0137','Đàm Quang Hòa',NULL,'Lao động phổ thông',NULL,'','1973',NULL,NULL,NULL,NULL,NULL,'0342030844',NULL,NULL,'',NULL,NULL,'2026-04-25',NULL,NULL,NULL,NULL,NULL,'','CHO_DUYET','2026-05-05 03:29:09'),(361,'UV0138','Cao Xuân Diện','Lao động phổ thông','Lao động phổ thông',NULL,'Nam','1976','044076008478','2022-11-10','Cục Cảnh Sát Quản lý hành chính về trật tự xã hôi','Xã Hòa Trạch, Tỉnh Quảng Trị','Chòm 2 Thôn Hòa Lạc, Xã Hòa Trạch, Tỉnh Quảng Trị','367668178',NULL,'','','4420351547','NV004',NULL,NULL,NULL,NULL,NULL,NULL,'','DA_NHAN_VIEC','2026-05-05 03:29:09'),(362,'UV0139','Tưởng Đức Minh',NULL,'Lao động phổ thông',NULL,'','1981',NULL,NULL,NULL,NULL,NULL,'0868919003',NULL,NULL,'',NULL,NULL,NULL,NULL,NULL,NULL,NULL,NULL,'','CHO_DUYET','2026-05-05 03:29:09'),(363,'UV0140','Đàm Trung Hiếu',NULL,'Lao động phổ thông',NULL,'','1988',NULL,NULL,NULL,NULL,NULL,'0374487351',NULL,NULL,'',NULL,NULL,NULL,NULL,NULL,NULL,NULL,NULL,'','CHO_DUYET','2026-05-05 03:29:09'),(364,'UV0141','Phạm Trọng Ngọc',NULL,'Lái xe ben -x',NULL,'','1993',NULL,NULL,NULL,NULL,NULL,'0826441777',NULL,NULL,'',NULL,NULL,NULL,NULL,NULL,NULL,NULL,NULL,'','CHO_DUYET','2026-05-05 03:29:09'),(365,'UV0142','Nguyễn Cao Kỳ',NULL,'Lái máy đào -x',NULL,'','1990',NULL,NULL,NULL,NULL,NULL,'0338970730',NULL,NULL,'',NULL,NULL,NULL,NULL,NULL,NULL,NULL,NULL,'','CHO_DUYET','2026-05-05 03:29:09'),(366,'UV0143','Nguyễn Quyết',NULL,'Lao động phổ thông -x',NULL,'','1982',NULL,NULL,NULL,NULL,NULL,'0338486341',NULL,NULL,'',NULL,NULL,NULL,NULL,NULL,NULL,NULL,NULL,'','CHO_DUYET','2026-05-05 03:29:09'),(367,'UV0144','Lê Thanh Hoàn','Lái xúc lật','Lái xúc lật',NULL,'Nam','1982','042082003923','2021-04-22','Cục Cảnh Sát Quản lý hành chính về trật tự xã hôi','Xã Đức Thịnh, Tỉnh Hà Tĩnh','Thôn Long Hòa, Xã Đức Thịnh, Tỉnh Hà Tĩnh','0909177481',NULL,'','','Chưa tham gia','NV008','2026-04-24',NULL,NULL,NULL,NULL,NULL,'','DA_NHAN_VIEC','2026-05-05 03:29:09'),(368,'UV0145','Tình - Đang làm với Trang',NULL,'Lái xúc lật -x',NULL,'','',NULL,NULL,NULL,NULL,NULL,'',NULL,NULL,'',NULL,NULL,NULL,NULL,NULL,NULL,NULL,NULL,'','CHO_DUYET','2026-05-05 03:29:09'),(369,'UV0146','Võ Văn Sơn',NULL,'Lái xe đầu kéo -x',NULL,'','1967',NULL,NULL,NULL,NULL,NULL,'0705291164',NULL,NULL,'',NULL,NULL,NULL,NULL,NULL,NULL,NULL,NULL,'','CHO_DUYET','2026-05-05 03:29:09'),(370,'UV0147','Nguyễn Hoài Minh',NULL,'Lái xe ben -x',NULL,'','1981',NULL,NULL,NULL,NULL,NULL,'0941284198',NULL,NULL,'',NULL,NULL,NULL,NULL,NULL,NULL,NULL,NULL,'','CHO_DUYET','2026-05-05 03:29:09'),(371,'UV0148','Nguyễn Xuân Tín',NULL,'Lái cẩu Liebherr -x',NULL,'','1999',NULL,NULL,NULL,NULL,NULL,'0382164711',NULL,NULL,'',NULL,NULL,NULL,NULL,NULL,NULL,NULL,NULL,'','CHO_DUYET','2026-05-05 03:29:09'),(372,'UV0149','Lê Văn Sơn','Lái cẩu Liebherr','Lái cẩu Liebherr',NULL,'Nam','1991','044091013487','2021-01-09','Cục Cảnh Sát Quản lý hành chính về trật tự xã hôi','Xã Phú Trạch, Tỉnh Quảng Trị','Thôn Minh Sơn xã Phú Trạch tỉnh Quảng Trị','0777512025',NULL,'','','4420264031','NV026','2026-05-02',NULL,NULL,NULL,NULL,NULL,'','DA_NHAN_VIEC','2026-05-05 03:29:09'),(373,'UV0150','Lê Văn Tiến','Lao động phổ thông','Lao động phổ thông','1978-09-20','Nam','1978','044078001162','2021-08-13','Cục Cảnh Sát Quản lý hành chính về trật tự xã hôi','Xã Phú Trạch, Tỉnh Quảng Trị','Thôn Vĩnh Sơn, Xã Phú Trạch, Tỉnh Quảng Trị','0898238567',NULL,'','','4415004577','NV023','2026-02-05',NULL,NULL,NULL,NULL,NULL,'','DA_NHAN_VIEC','2026-05-05 03:29:09'),(374,'UV0151','Phạm Ngọc Minh','Lao động phổ thông','Lao động phổ thông','1998-11-05','Nam','1998','044098000444','2023-02-06','Cục Cảnh Sát Quản lý hành chính về trật tự xã hôi','Xã Hoà Trạch, Tỉnh Quảng Trị','Thôn Cảnh Thượng, Xã Hoà Trạch, Tỉnh Quảng Trị','0339037086',NULL,'','','4420340138','NV020','2026-02-05',NULL,NULL,NULL,NULL,NULL,'','DA_NHAN_VIEC','2026-05-05 03:29:09'),(375,'UV0152','Dương Thanh Tuấn','Lao động phổ thông','Lao động phổ thông','1998-10-20','Nam','1998','044098000282','2024-07-30','Cục Cảnh Sát Quản lý hành chính về trật tự xã hôi','Xã Hoà Trạch, Tỉnh Quảng Trị','Thôn Cảnh Thượng, Xã Hoà Trạch, Tỉnh Quảng Trị','0912376975',NULL,'','','4420359773','NV021','2026-02-05',NULL,NULL,NULL,NULL,NULL,'','DA_NHAN_VIEC','2026-05-05 03:29:09'),(376,'UV0153','Nguyễn Huy Hoàng','Lao động phổ thông','Lao động phổ thông','1999-12-05','Nam','1999','044099000624','2024-06-15','Cục Cảnh Sát Quản lý hành chính về trật tự xã hôi','Xã Hoà Trạch, Tỉnh Quảng Trị','Thôn Đông Cảng, Xã Hoà Trạch, Tỉnh Quảng Trị','0389607911',NULL,'','','Chưa tham gia','NV022','2026-02-05',NULL,NULL,NULL,NULL,NULL,'','DA_NHAN_VIEC','2026-05-05 03:29:09'),(377,'UV0154','Võ Quang Hoàng','Lái xúc lật','Lái xúc lật','1992-07-07','Nam','1992','044092011225',NULL,'Cục Cảnh Sát Quản lý hành chính về trật tự xã hôi','Xã Trường Ninh, Tỉnh Quảng Trị','Thôn Hoàng Vinh, Xã Trường Ninh, Tỉnh Quảng Trị','0365137319',NULL,'','','Chưa tham gia','NV029','2026-05-03',NULL,NULL,NULL,NULL,NULL,'','DA_NHAN_VIEC','2026-05-05 03:29:09'),(378,'UV0155','Trần Văn Tài','Quản lý cơ giới','Quản lý cơ giới','1978-02-22','Nam','1978','038078020053',NULL,'','Xã Thiệu Trung, Tỉnh Thanh Hóa','Thôn 4 Vận Quy, Xã Thiệu Trung, Tỉnh Thanh Hóa','0988189964',NULL,'','','3816002395','NV030','2026-05-03',NULL,NULL,NULL,NULL,NULL,'','DA_NHAN_VIEC','2026-05-05 03:29:09'),(379,'UV0156','Nguyễn Văn Quang',NULL,'Lái tàu ',NULL,'',NULL,NULL,NULL,NULL,NULL,NULL,'0326774774',NULL,NULL,NULL,NULL,NULL,NULL,NULL,NULL,NULL,NULL,NULL,'','CHO_DUYET','2026-05-05 03:36:07'),(380,'UV0157','Nguyễn Văn Hương',NULL,'Lao động phổ thông',NULL,'Nam',NULL,NULL,NULL,NULL,NULL,NULL,'0389266922',NULL,NULL,NULL,NULL,NULL,NULL,NULL,NULL,NULL,NULL,NULL,'','CHO_DUYET','2026-05-05 03:37:46'),(381,'UV0158','Phan Thanh Luận',NULL,'Lao động phổ thông','1974-11-10','Nam',NULL,NULL,NULL,NULL,NULL,NULL,'0778576874',NULL,NULL,'Gọi trước 2 ngày',NULL,NULL,NULL,NULL,NULL,NULL,NULL,NULL,NULL,'CHO_DUYET','2026-05-12 08:46:44'),(382,'UV0159','Trần Ngọc Sơn',NULL,'Cơ điện - x',NULL,'Nam',NULL,NULL,NULL,NULL,NULL,NULL,'0975470155',NULL,NULL,'Cơ điện làm 20 năm. Nhóm trưởng về cơ điện Cty dệt may Huế\n',NULL,NULL,NULL,NULL,NULL,NULL,NULL,NULL,NULL,'CHO_DUYET','2026-05-13 02:27:49'),(383,'UV0160','Hoàng Thanh Hùng',NULL,'Lái cẩu bánh xích - x',NULL,'Nam',NULL,NULL,NULL,NULL,NULL,NULL,'0813602133; 03629088',NULL,NULL,'Xúc lật , xe nâng máy ủi\n\n',NULL,NULL,NULL,NULL,NULL,NULL,NULL,NULL,NULL,'CHO_DUYET','2026-05-13 02:28:58'),(384,'UV0161','Nguyễn Hửu Nhân',NULL,'Lái cẩu Liebherr',NULL,'Nam',NULL,NULL,NULL,NULL,NULL,NULL,'0373172371',NULL,NULL,'\n\n',NULL,NULL,'2026-05-11',NULL,NULL,NULL,NULL,NULL,NULL,'DA_NHAN_VIEC','2026-05-13 02:31:05'),(385,'UV0162','Tô Minh Tân',NULL,'Lái cẩu Liebherr - x',NULL,'Nam',NULL,NULL,NULL,NULL,NULL,NULL,'0852479222',NULL,NULL,'Đang lái cẩu ở formosa. Quen Bình. Báo trước 1 tháng.\nTrước mắt chưa đi làm \n\n\n',NULL,NULL,NULL,NULL,NULL,NULL,NULL,NULL,NULL,'CHO_DUYET','2026-05-13 02:33:00'),(386,'UV0163','Tạ Tuấn Thành',NULL,'Lái cẩu Liebherr - x',NULL,'Nam',NULL,NULL,NULL,NULL,NULL,NULL,'0814978018',NULL,NULL,'Xin nghỉ từ 18/03/2026.\nTrước mắt chưa đi làm \n\n\n',NULL,NULL,NULL,NULL,NULL,NULL,NULL,NULL,NULL,'CHO_DUYET','2026-05-13 02:34:03'),(387,'UV0164','Nguyễn Xuân Tín',NULL,'Lái cẩu Liebherr - x',NULL,'Nam',NULL,NULL,NULL,NULL,NULL,NULL,'0382164711',NULL,NULL,'\n\n\n',NULL,NULL,NULL,NULL,NULL,NULL,NULL,NULL,NULL,'CHO_DUYET','2026-05-13 02:34:25'),(388,'UV0165','Mai Văn Thi',NULL,'Lái máy đào - x','1971-01-01','Nam',NULL,NULL,NULL,NULL,NULL,NULL,'0907555020',NULL,NULL,'Lương 12t\nLái máy xúc lật\n\n\n\n',NULL,NULL,NULL,NULL,NULL,NULL,NULL,NULL,NULL,'CHO_DUYET','2026-05-13 02:37:09'),(389,'UV0166','Bùi Phong Vũ',NULL,'Lái máy đào - x','1997-01-01','Nam',NULL,NULL,NULL,NULL,NULL,NULL,'0342546763',NULL,NULL,'Yêu cầu lương 15tr/tháng;  Có chứng chỉ lái máy xúc ủi nhưng chưa lái lần nào. \n\n\n\n\n',NULL,NULL,NULL,NULL,NULL,NULL,NULL,NULL,NULL,'CHO_DUYET','2026-05-13 02:38:08'),(390,'UV0167','Phạm Việt Quốc',NULL,'Lái máy đào - x','1992-01-01','Nam',NULL,NULL,NULL,NULL,NULL,NULL,'0947895287',NULL,NULL,'Lái xúc lật\n\n\n\n\n\n',NULL,NULL,NULL,NULL,NULL,NULL,NULL,NULL,NULL,'CHO_DUYET','2026-05-13 02:38:46'),(391,'UV0168','Trương Quang Tuấn',NULL,'Lái máy đào - x','2005-01-01','Nam',NULL,NULL,NULL,NULL,NULL,NULL,'0838277218',NULL,NULL,'Đã đi bộ đội về;   Lái được máy ủi. Hạn chế gọi lại do không tuân thủ thười gian đi làm\n\n\n\n\n\n',NULL,NULL,NULL,NULL,NULL,NULL,NULL,NULL,NULL,'CHO_DUYET','2026-05-13 02:39:31'),(392,'UV0169','Hồ Thành Đạt',NULL,'Lái máy đào - x','2004-01-01','Nam',NULL,NULL,NULL,NULL,NULL,NULL,'0343194618; 03849316',NULL,NULL,'Đào tạo lại có thể lái máy ủi do đã học vận hành máy xúc ủi\n\n\n\n\n\n\n',NULL,NULL,NULL,NULL,NULL,NULL,NULL,NULL,NULL,'CHO_DUYET','2026-05-13 02:40:00'),(393,'UV0170','A Vinh',NULL,'Lái máy đào - x',NULL,'Nam',NULL,NULL,NULL,NULL,NULL,NULL,'0974130452',NULL,NULL,'Đã làm tại công trình năm 2025\n\n\n\n\n\n\n\n',NULL,NULL,NULL,NULL,NULL,NULL,NULL,NULL,NULL,'CHO_DUYET','2026-05-13 02:40:31'),(394,'UV0171','Nguyễn Cao Kỳ',NULL,'Lái máy đào - x','1990-01-01','Nam',NULL,NULL,NULL,NULL,NULL,NULL,'0338970730',NULL,NULL,'Bằng lái máy công trình năm 2011\n\n\n\n\n\n\n\n\n',NULL,NULL,NULL,NULL,NULL,NULL,NULL,NULL,NULL,'CHO_DUYET','2026-05-13 02:40:59'),(395,'UV0172','Dương Phước Thành',NULL,'Lái máy ủi - x','2002-01-01','Nam',NULL,NULL,NULL,NULL,NULL,NULL,'0366499066',NULL,NULL,'Có thể lái máy đào, xúc lật. Đã đi làm cho VPCC từ ngày 4/42026 sau 02 ngày bỏ;   Báo trước 1 tháng\n',NULL,NULL,NULL,NULL,NULL,NULL,NULL,NULL,NULL,'CHO_DUYET','2026-05-13 02:43:51'),(396,'UV0173','Nguyễn Văn Tài',NULL,'Lái máy ủi - x','2002-01-01','Nam',NULL,NULL,NULL,NULL,NULL,NULL,'0971253190',NULL,NULL,'Có thể lái máy đào, xúc lật. Đã đi làm cho VPCC từ ngày 4/42026 sau 02 ngày bỏ\n\n\n\n\n\n\n\n\n\n\n',NULL,NULL,NULL,NULL,NULL,NULL,NULL,NULL,NULL,'CHO_DUYET','2026-05-13 02:44:14'),(397,'UV0174','Đặng Quang Anh',NULL,'Lái máy đào','2002-01-01','',NULL,NULL,NULL,NULL,NULL,NULL,'0842302309',NULL,NULL,'Đã làm công trường VPCC\n',NULL,NULL,NULL,NULL,NULL,NULL,NULL,NULL,NULL,'CHO_DUYET','2026-05-14 00:40:55'),(398,'UV0175','Trần Sỹ Bình',NULL,'Lái máy đào','2003-01-01','',NULL,NULL,NULL,NULL,NULL,NULL,'0824117666',NULL,NULL,'Đã làm công trường VPCC\n',NULL,NULL,NULL,NULL,NULL,NULL,NULL,NULL,NULL,'CHO_DUYET','2026-05-14 00:41:24'),(399,'UV0176','Đình Văn Hóa',NULL,'Lái xe ben - x','2000-01-01','',NULL,NULL,NULL,NULL,NULL,NULL,'0397737173',NULL,NULL,'Đã làmCó thể lái FC. Người lao động cân nhắc\n công trường VPCC\n',NULL,NULL,NULL,NULL,NULL,NULL,NULL,NULL,NULL,'CHO_DUYET','2026-05-14 00:45:09'),(400,'UV0177','Ngô Xuân Phương',NULL,'Lái xe ben - x','1989-01-01','',NULL,NULL,NULL,NULL,NULL,NULL,'0813102557',NULL,NULL,'Lái xúc lật, xe nâng\n\n',NULL,NULL,NULL,NULL,NULL,NULL,NULL,NULL,NULL,'CHO_DUYET','2026-05-14 00:45:45'),(401,'UV0178','Phan Văn Bồi',NULL,'Lái xe ben - x','1973-01-01','',NULL,NULL,NULL,NULL,NULL,NULL,'0913810114',NULL,NULL,'Bà con với Nhớ Trường Thịnh\n\n\n',NULL,NULL,NULL,NULL,NULL,NULL,NULL,NULL,NULL,'CHO_DUYET','2026-05-14 00:46:15'),(402,'UV0179','Đặng Văn Hoàng',NULL,'Lái xe ben - x','1995-01-01','',NULL,NULL,NULL,NULL,NULL,NULL,'0372766440',NULL,NULL,'Bà con với Nhớ Trường Thịnh\n\n\n',NULL,NULL,NULL,NULL,NULL,NULL,NULL,NULL,NULL,'CHO_DUYET','2026-05-14 00:46:37'),(403,'UV0180','Phạm Trọng Ngọc',NULL,'Lái xe ben - x','1993-01-01','',NULL,NULL,NULL,NULL,NULL,NULL,'0826441777',NULL,NULL,'Có thể chạy được đầu kéo. Đã chạy cho Hùng Cường. Chạy 12 năm chuyên xe Ben\n\n\n\n',NULL,NULL,NULL,NULL,NULL,NULL,NULL,NULL,NULL,'CHO_DUYET','2026-05-14 00:47:09'),(404,'UV0181','Nguyễn Hoài Minh',NULL,'Lái xe ben - x','1981-01-01','',NULL,NULL,NULL,NULL,NULL,NULL,'0941284198',NULL,NULL,'Lái xe nâng\n\n\n\n\n',NULL,NULL,NULL,NULL,NULL,NULL,NULL,NULL,NULL,'CHO_DUYET','2026-05-14 00:47:32'),(405,'UV0182','Phan Thanh Dũng',NULL,'Lái xe đầu kéo - x','1986-01-01','',NULL,NULL,NULL,NULL,NULL,NULL,'0865493444',NULL,NULL,'Có thể lái cẩu\n\n\n\n\n\n',NULL,NULL,NULL,NULL,NULL,NULL,NULL,NULL,NULL,'CHO_DUYET','2026-05-14 00:48:58'),(406,'UV0183','Nguyễn Chánh Tín',NULL,'Lái xe đầu kéo - x','1986-01-01','',NULL,NULL,NULL,NULL,NULL,NULL,'0358229334',NULL,NULL,'Bình đưa thông tin\n\n\n\n\n\n\n',NULL,NULL,NULL,NULL,NULL,NULL,NULL,NULL,NULL,'CHO_DUYET','2026-05-14 00:49:23'),(407,'UV0184','Võ Văn Ngà',NULL,'Lái xe đầu kéo - x','1986-01-01','',NULL,NULL,NULL,NULL,NULL,NULL,'0392950092',NULL,NULL,'Bình đưa thông tin\n\n\n\n\n\n\n',NULL,NULL,NULL,NULL,NULL,NULL,NULL,NULL,NULL,'CHO_DUYET','2026-05-14 00:49:38'),(408,'UV0185','Đặng Đình Lích',NULL,'Lái xe đầu kéo - x','1990-01-01','',NULL,NULL,NULL,NULL,NULL,NULL,'0978438557',NULL,NULL,'Chưa đồng ý mức lương 13tr. Có quen nhiều FC, liên lạc nếu cần\n\n\n\n\n\n\n\n',NULL,NULL,NULL,NULL,NULL,NULL,NULL,NULL,NULL,'CHO_DUYET','2026-05-14 00:50:06'),(409,'UV0186','Lê Văn Công',NULL,'Lái xe đầu kéo - x','1983-01-01','',NULL,NULL,NULL,NULL,NULL,NULL,'0965118421',NULL,NULL,'Lưu hồ sơ để liên lạc, chưa chắc chắn\n\n\n\n\n\n\n\n\n',NULL,NULL,NULL,NULL,NULL,NULL,NULL,NULL,NULL,'CHO_DUYET','2026-05-14 00:50:34'),(410,'UV0187','Võ Văn Khương',NULL,'Lái xe đầu kéo - x','1980-01-01','',NULL,NULL,NULL,NULL,NULL,NULL,'0818490153',NULL,NULL,'Lưu hồ sơ để liên lạc, chưa chắc chắn\n\n\n\n\n\n\n\n\n',NULL,NULL,NULL,NULL,NULL,NULL,NULL,NULL,NULL,'CHO_DUYET','2026-05-14 00:50:56'),(411,'UV0188','Lê Thanh Ca',NULL,'Lái xe đầu kéo - x','1985-01-01','',NULL,NULL,NULL,NULL,NULL,NULL,'0343209094',NULL,NULL,'Mới lấy bằng FC 16/01/2026\n\n\n\n\n\n\n\n\n\n',NULL,NULL,NULL,NULL,NULL,NULL,NULL,NULL,NULL,'CHO_DUYET','2026-05-14 00:51:30'),(412,'UV0189','Đinh Văn Lục',NULL,'Lái xe đầu kéo - x','1985-01-01','',NULL,NULL,NULL,NULL,NULL,NULL,'0787575875',NULL,NULL,'\n\n\n\n\n\n\n\n\n\n',NULL,NULL,NULL,NULL,NULL,NULL,NULL,NULL,NULL,'CHO_DUYET','2026-05-14 00:51:51'),(413,'UV0190','Võ Văn Sơn',NULL,'Lái xe đầu kéo - x','1967-01-01','',NULL,NULL,NULL,NULL,NULL,NULL,'0705291164',NULL,NULL,'\n\n\n\n\n\n\n\n\n\n',NULL,NULL,NULL,NULL,NULL,NULL,NULL,NULL,NULL,'CHO_DUYET','2026-05-14 00:52:09'),(414,'UV0191','Võ Tam Lược',NULL,'Lái xe nâng','1989-01-01','',NULL,NULL,NULL,NULL,NULL,NULL,' 0326604512 ',NULL,NULL,'Lái xe ben\n\n\n\n\n\n\n\n\n\n\n',NULL,NULL,NULL,NULL,NULL,NULL,NULL,NULL,NULL,'CHO_DUYET','2026-05-14 00:53:59'),(415,'UV0192','Hồ Văn Sơn',NULL,'Lái xúc lật - x','1972-01-01','',NULL,NULL,NULL,NULL,NULL,NULL,'0862448168',NULL,NULL,'Lái được mỗi xúc lật. Lái dc máy ủi nhưng lâu rồi chưa lái\n\n\n\n\n\n\n\n\n\n\n\n',NULL,NULL,NULL,NULL,NULL,NULL,NULL,NULL,NULL,'CHO_DUYET','2026-05-14 00:56:27'),(416,'UV0193','Trần Văn Tình',NULL,'Lái xúc lật - x','1972-01-01','',NULL,NULL,NULL,NULL,NULL,NULL,'0978740108',NULL,NULL,'Chứng chỉ mới có 02/2026. Nhưng đã làm tầm 2,5 năm về xúc lât\nĐang làm cảng than PTSC\nBáo trước 1 th',NULL,NULL,NULL,NULL,NULL,NULL,NULL,NULL,NULL,'CHO_DUYET','2026-05-14 00:57:35'),(417,'UV0194','Bùi Tuấn Anh',NULL,'Lái xúc lật','1994-01-01','',NULL,NULL,NULL,NULL,NULL,NULL,'0937952326',NULL,NULL,'\n\n\n\n\n\n\n\n\n\n\n\n\n',NULL,NULL,NULL,NULL,NULL,NULL,NULL,NULL,NULL,'CHO_DUYET','2026-05-14 00:58:04'),(418,'UV0195','Phạm Văn Dần',NULL,'Lái xúc lật - x','1987-01-01','',NULL,NULL,NULL,NULL,NULL,NULL,'0976821312',NULL,NULL,'Báo trước cho em nó khoảng 1 tuần\n\n\n\n\n\n\n\n\n\n\n\n\n',NULL,NULL,NULL,NULL,NULL,NULL,NULL,NULL,NULL,'CHO_DUYET','2026-05-14 00:58:29'),(419,'UV0196','Nguyễn Thị Hồng',NULL,'Lao động phổ thông - x','1983-01-01','',NULL,NULL,NULL,NULL,NULL,NULL,'0375324974',NULL,NULL,'\n\n\n\n\n\n\n\n\n\n\n\n\n',NULL,NULL,NULL,NULL,NULL,NULL,NULL,NULL,NULL,'CHO_DUYET','2026-05-14 00:59:42'),(420,'UV0197','Nguyễn Thị Thanh Hoài',NULL,'Lao động phổ thông - x','1988-01-01','',NULL,NULL,NULL,NULL,NULL,NULL,'0824104703',NULL,NULL,'\n\n\n\n\n\n\n\n\n\n\n\n\n',NULL,NULL,NULL,NULL,NULL,NULL,NULL,NULL,NULL,'CHO_DUYET','2026-05-14 01:00:01'),(421,'UV0198','Võ Văn Tứ',NULL,'Lao động phổ thông - x','1984-01-01','',NULL,NULL,NULL,NULL,NULL,NULL,'0847437609',NULL,NULL,'\n\n\n\n\n\n\n\n\n\n\n\n\n',NULL,NULL,NULL,NULL,NULL,NULL,NULL,NULL,NULL,'CHO_DUYET','2026-05-14 01:00:20'),(422,'UV0199','Phạm Văn Hà',NULL,'Lao động phổ thông - x','1995-01-01','',NULL,NULL,NULL,NULL,NULL,NULL,'0346881191',NULL,NULL,'Có thể lái xe nâng\n\n\n\n\n\n\n\n\n\n\n\n\n\n',NULL,NULL,NULL,NULL,NULL,NULL,NULL,NULL,NULL,'CHO_DUYET','2026-05-14 01:00:46'),(423,'UV0200','Nguyễn Quyết',NULL,'Lao động phổ thông - x','1985-01-01','',NULL,NULL,NULL,NULL,NULL,NULL,'0338486341',NULL,NULL,'Có thể lái xe nâng\n\n\n\n\n\n\n\n\n\n\n\n\n\n',NULL,NULL,NULL,NULL,NULL,NULL,NULL,NULL,NULL,'CHO_DUYET','2026-05-14 01:01:07'),(424,'UV0201','Nguyễn Việt Hải',NULL,'Phụ trách kho bãi - x','1997-01-01','',NULL,NULL,NULL,NULL,NULL,NULL,'0353331722',NULL,NULL,'Điều độ vận tải. Tuy nhiên không đi làm 04 năm từ năm 2022\n\n\n\n\n\n\n\n\n\n\n\n\n\n\n',NULL,NULL,NULL,NULL,NULL,NULL,NULL,NULL,NULL,'CHO_DUYET','2026-05-14 01:02:27'),(425,'UV0202','Trương Đình Sáu',NULL,'Sửa chữa','1993-01-01','',NULL,NULL,NULL,NULL,NULL,NULL,'0913471872',NULL,NULL,'Sửa chữa thủy lực\n\n\n\n\n\n\n\n\n\n\n\n\n\n\n\n',NULL,NULL,NULL,NULL,NULL,NULL,NULL,NULL,NULL,'CHO_DUYET','2026-05-14 01:03:36'),(426,'UV0203','Lê Thị Hoài',NULL,'Tạp vụ - x','1993-01-01','',NULL,NULL,NULL,NULL,NULL,NULL,'0395757327',NULL,NULL,'\n\n\n\n\n\n\n\n\n\n\n\n\n\n\n\n',NULL,NULL,NULL,NULL,NULL,NULL,NULL,NULL,NULL,'CHO_DUYET','2026-05-14 01:04:38'),(427,'UV0204','Từ THị Linh',NULL,'Tạp vụ - x','1991-01-01','',NULL,NULL,NULL,NULL,NULL,NULL,'0989866712',NULL,NULL,'\n\n\n\n\n\n\n\n\n\n\n\n\n\n\n\n',NULL,NULL,NULL,NULL,NULL,NULL,NULL,NULL,NULL,'CHO_DUYET','2026-05-14 01:04:56'),(428,'UV0205','Lê Thị HÀ',NULL,'Tạp vụ - x','1983-01-01','',NULL,NULL,NULL,NULL,NULL,NULL,'0915863061',NULL,NULL,'\n\n\n\n\n\n\n\n\n\n\n\n\n\n\n\n',NULL,NULL,NULL,NULL,NULL,NULL,NULL,NULL,NULL,'CHO_DUYET','2026-05-14 01:05:13'),(429,'UV0206','Nguyễn Thị Huệ',NULL,'Tạp vụ - x','1994-01-01','',NULL,NULL,NULL,NULL,NULL,NULL,'0987689657',NULL,NULL,'\n\n\n\n\n\n\n\n\n\n\n\n\n\n\n\n',NULL,NULL,NULL,NULL,NULL,NULL,NULL,NULL,NULL,'CHO_DUYET','2026-05-14 01:05:30'),(430,'UV0207','Đàm Thị Thúy',NULL,'Tạp vụ - x','1990-01-01','',NULL,NULL,NULL,NULL,NULL,NULL,'0337874416',NULL,NULL,'\n\n\n\n\n\n\n\n\n\n\n\n\n\n\n\n',NULL,NULL,NULL,NULL,NULL,NULL,NULL,NULL,NULL,'CHO_DUYET','2026-05-14 01:05:48'),(431,'UV0208','Hoàng Công Phượng',NULL,'Trạm cân - x','2003-01-01','',NULL,NULL,NULL,NULL,NULL,NULL,'',NULL,NULL,'Cháu Bác Thiện\n\n\n\n\n\n\n\n\n\n\n\n\n\n\n\n\n',NULL,NULL,NULL,NULL,NULL,NULL,NULL,NULL,NULL,'CHO_DUYET','2026-05-14 01:11:12'),(432,'UV0209','Võ Thị Hải Lý',NULL,'Trạm cân - x','1987-01-01','',NULL,NULL,NULL,NULL,NULL,NULL,'0345153370',NULL,NULL,'Quen Trường\n\n\n\n\n\n\n\n\n\n\n\n\n\n\n\n\n\n',NULL,NULL,NULL,NULL,NULL,NULL,NULL,NULL,NULL,'CHO_DUYET','2026-05-14 01:11:36'),(433,'UV0210','Nguyễn Thị Tú Hằng',NULL,'Trạm cân - x','1988-01-01','',NULL,NULL,NULL,NULL,NULL,NULL,'0967689145',NULL,NULL,'Có thể làm thống kê\n\n\n\n\n\n\n\n\n\n\n\n\n\n\n\n\n\n\n',NULL,NULL,NULL,NULL,NULL,NULL,NULL,NULL,NULL,'CHO_DUYET','2026-05-14 01:12:01'),(434,'UV0211','Nguyễn Lương Vũ',NULL,'Trạm cân','2004-01-03','Nam',NULL,NULL,NULL,NULL,NULL,NULL,'0842934556',NULL,NULL,'Trường Đại học Hàng Hải Việt Nam\nChuyên ngành: Kinh tế Vận tải biển CLC\nGPAGPA: 3.55 / 4.0',NULL,NULL,NULL,NULL,NULL,NULL,NULL,NULL,NULL,'CHO_DUYET','2026-05-15 03:14:09'),(439,'UV0212','Nguyễn Test Thử',NULL,'Bảo vệ',NULL,'Nam',NULL,NULL,NULL,NULL,NULL,NULL,'0983565754',NULL,NULL,'',NULL,NULL,NULL,NULL,NULL,NULL,NULL,NULL,NULL,'CHO_DUYET','2026-05-15 08:44:15'),(442,'UV0214','Ngô Minh Tân',NULL,'Lao động phổ thông','1975-10-24','Nam',NULL,NULL,NULL,NULL,NULL,NULL,'0398867975',NULL,NULL,'',NULL,NULL,NULL,NULL,NULL,NULL,NULL,NULL,NULL,'CHO_DUYET','2026-05-16 07:22:31'),(444,'UV0444','Nguyễn Hoàng Sang',NULL,'Lao động phổ thông','1996-10-23','Nam',NULL,NULL,NULL,NULL,NULL,NULL,'0386231383',NULL,NULL,'Đã đi làm công nhân, có khả năng thích nghi.',NULL,NULL,NULL,NULL,NULL,NULL,NULL,NULL,NULL,'CHO_DUYET','2026-05-21 02:32:24');
/*!40000 ALTER TABLE `ung_vien` ENABLE KEYS */;
UNLOCK TABLES;

--
-- Table structure for table `vi_tri_cong_tac`
--

DROP TABLE IF EXISTS `vi_tri_cong_tac`;
/*!40101 SET @saved_cs_client     = @@character_set_client */;
/*!50503 SET character_set_client = utf8mb4 */;
CREATE TABLE `vi_tri_cong_tac` (
  `Id` int(11) NOT NULL AUTO_INCREMENT,
  `Ten_vi_tri` varchar(255) NOT NULL,
  `So_luong_can_tuyen` int(11) DEFAULT 0,
  `Phu_cap_tang_ca` tinyint(1) DEFAULT 0,
  `Phu_cap_ca_dem` tinyint(1) DEFAULT 0,
  `Ghi_chu` text DEFAULT NULL,
  PRIMARY KEY (`Id`)
) ENGINE=InnoDB AUTO_INCREMENT=44 DEFAULT CHARSET=utf8mb4 COLLATE=utf8mb4_unicode_ci;
/*!40101 SET character_set_client = @saved_cs_client */;

--
-- Dumping data for table `vi_tri_cong_tac`
--

LOCK TABLES `vi_tri_cong_tac` WRITE;
/*!40000 ALTER TABLE `vi_tri_cong_tac` DISABLE KEYS */;
INSERT INTO `vi_tri_cong_tac` VALUES (1,'Phó chánh văn phòng',1,0,0,NULL),(2,'Tp Kinh doanh',0,0,0,''),(3,'Hành chính',0,0,0,''),(4,'Kế toán',0,0,0,''),(5,'Kinh doanh',0,0,0,''),(6,'Lái cẩu Liebherr',0,0,0,''),(7,'Lái xúc lật',0,0,0,''),(8,'Tổ trưởng nhân công',0,0,0,''),(9,'Điều độ',0,0,0,''),(10,'Vận hành băng tải',0,0,0,''),(11,'Tạp vụ',0,0,0,''),(12,'Quản lý cơ giới',0,0,0,''),(13,'Lao động phổ thông',0,0,0,''),(14,'Sửa chữa',0,0,0,''),(15,'Lái máy đào',0,0,0,''),(16,'Lái máy ủi',0,0,0,''),(17,'Điều độ - x',0,0,0,NULL),(18,'Cơ điện - x',0,0,0,NULL),(19,'Cơ điện',0,0,0,NULL),(20,'Bảo vệ',0,0,0,NULL),(21,'Bảo vệ - x',0,0,0,NULL),(22,'Kế toán - x',0,0,0,NULL),(23,'Kinh doanh - x',0,0,0,NULL),(24,'Lái cẩu bánh xích - x',0,0,0,NULL),(25,'Lái cẩu Liebherr - x',0,0,0,NULL),(26,'Lái máy đào - x',0,0,0,NULL),(27,'Lái máy ủi - x',0,0,0,NULL),(28,'Lái xe ben - x',0,0,0,NULL),(29,'Lái xe ben',0,0,0,NULL),(30,'Lái xe đầu kéo',0,0,0,NULL),(31,'Lái xe đầu kéo - x',0,0,0,NULL),(32,'Lái xe nâng',0,0,0,NULL),(33,'Lái xúc lật - x',0,0,0,NULL),(34,'Làm hành chính - x',0,0,0,NULL),(35,'Làm hành chính',0,0,0,NULL),(36,'Lao động phổ thông - x',0,0,0,NULL),(37,'Phòng Y tế',0,0,0,NULL),(38,'Phụ trách kho bãi',0,0,0,NULL),(39,'Phụ trách kho bãi - x',0,0,0,NULL),(40,'Tạp vụ - x',0,0,0,NULL),(41,'Thợ vận hành băng tải',0,0,0,NULL),(42,'Trạm cân',0,0,0,NULL),(43,'Trạm cân - x',0,0,0,NULL);
/*!40000 ALTER TABLE `vi_tri_cong_tac` ENABLE KEYS */;
UNLOCK TABLES;
/*!40103 SET TIME_ZONE=@OLD_TIME_ZONE */;

/*!40101 SET SQL_MODE=@OLD_SQL_MODE */;
/*!40014 SET FOREIGN_KEY_CHECKS=@OLD_FOREIGN_KEY_CHECKS */;
/*!40014 SET UNIQUE_CHECKS=@OLD_UNIQUE_CHECKS */;
/*!40101 SET CHARACTER_SET_CLIENT=@OLD_CHARACTER_SET_CLIENT */;
/*!40101 SET CHARACTER_SET_RESULTS=@OLD_CHARACTER_SET_RESULTS */;
/*!40101 SET COLLATION_CONNECTION=@OLD_COLLATION_CONNECTION */;
/*!40111 SET SQL_NOTES=@OLD_SQL_NOTES */;

-- Dump completed on 2026-05-23 15:03:59
